trial_id,seed,bug_type,sampling_mode,bug_detected,detected_by_corner_case,tests_run,corner_cases_used,elapsed_micros
0,0,zero_boundary,corner_only,true,,1,3,106
1,7919,zero_boundary,corner_only,true,,1,3,10
2,15838,zero_boundary,corner_only,true,,1,3,6
3,23757,zero_boundary,corner_only,true,,1,3,5
4,31676,zero_boundary,corner_only,true,,1,3,5
5,39595,zero_boundary,corner_only,true,,1,3,3
6,47514,zero_boundary,corner_only,true,,1,3,3
7,55433,zero_boundary,corner_only,true,,1,3,3
8,63352,zero_boundary,corner_only,true,,1,3,5
9,71271,zero_boundary,corner_only,true,,1,3,11
10,79190,zero_boundary,corner_only,true,,1,3,4
11,87109,zero_boundary,corner_only,true,,1,3,2
12,95028,zero_boundary,corner_only,true,,1,3,2
13,102947,zero_boundary,corner_only,true,,1,3,2
14,110866,zero_boundary,corner_only,true,,1,3,1
15,118785,zero_boundary,corner_only,true,,1,3,1
16,126704,zero_boundary,corner_only,true,,1,3,1
17,134623,zero_boundary,corner_only,true,,1,3,2
18,142542,zero_boundary,corner_only,true,,1,3,367
19,150461,zero_boundary,corner_only,true,,1,3,3
20,158380,zero_boundary,corner_only,true,,1,3,2
21,166299,zero_boundary,corner_only,true,,1,3,2
22,174218,zero_boundary,corner_only,true,,1,3,2
23,182137,zero_boundary,corner_only,true,,1,3,2
24,190056,zero_boundary,corner_only,true,,1,3,2
25,197975,zero_boundary,corner_only,true,,1,3,4
26,205894,zero_boundary,corner_only,true,,1,3,2
27,213813,zero_boundary,corner_only,true,,1,3,2
28,221732,zero_boundary,corner_only,true,,1,3,1
29,229651,zero_boundary,corner_only,true,,1,3,1
30,237570,zero_boundary,corner_only,true,,1,3,1
31,245489,zero_boundary,corner_only,true,,1,3,1
32,253408,zero_boundary,corner_only,true,,1,3,1
33,261327,zero_boundary,corner_only,true,,1,3,2
34,269246,zero_boundary,corner_only,true,,1,3,1
35,277165,zero_boundary,corner_only,true,,1,3,1
36,285084,zero_boundary,corner_only,true,,1,3,1
37,293003,zero_boundary,corner_only,true,,1,3,1
38,300922,zero_boundary,corner_only,true,,1,3,1
39,308841,zero_boundary,corner_only,true,,1,3,1
40,316760,zero_boundary,corner_only,true,,1,3,1
41,324679,zero_boundary,corner_only,true,,1,3,1
42,332598,zero_boundary,corner_only,true,,1,3,1
43,340517,zero_boundary,corner_only,true,,1,3,1
44,348436,zero_boundary,corner_only,true,,1,3,1
45,356355,zero_boundary,corner_only,true,,1,3,1
46,364274,zero_boundary,corner_only,true,,1,3,1
47,372193,zero_boundary,corner_only,true,,1,3,1
48,380112,zero_boundary,corner_only,true,,1,3,2
49,388031,zero_boundary,corner_only,true,,1,3,13
50,395950,zero_boundary,corner_only,true,,1,3,2
51,403869,zero_boundary,corner_only,true,,1,3,1
52,411788,zero_boundary,corner_only,true,,1,3,1
53,419707,zero_boundary,corner_only,true,,1,3,1
54,427626,zero_boundary,corner_only,true,,1,3,2
55,435545,zero_boundary,corner_only,true,,1,3,1
56,443464,zero_boundary,corner_only,true,,1,3,1
57,451383,zero_boundary,corner_only,true,,1,3,1
58,459302,zero_boundary,corner_only,true,,1,3,2
59,467221,zero_boundary,corner_only,true,,1,3,1
60,475140,zero_boundary,corner_only,true,,1,3,1
61,483059,zero_boundary,corner_only,true,,1,3,1
62,490978,zero_boundary,corner_only,true,,1,3,1
63,498897,zero_boundary,corner_only,true,,1,3,2
64,506816,zero_boundary,corner_only,true,,1,3,1
65,514735,zero_boundary,corner_only,true,,1,3,1
66,522654,zero_boundary,corner_only,true,,1,3,1
67,530573,zero_boundary,corner_only,true,,1,3,1
68,538492,zero_boundary,corner_only,true,,1,3,1
69,546411,zero_boundary,corner_only,true,,1,3,1
70,554330,zero_boundary,corner_only,true,,1,3,1
71,562249,zero_boundary,corner_only,true,,1,3,1
72,570168,zero_boundary,corner_only,true,,1,3,1
73,578087,zero_boundary,corner_only,true,,1,3,1
74,586006,zero_boundary,corner_only,true,,1,3,1
75,593925,zero_boundary,corner_only,true,,1,3,1
76,601844,zero_boundary,corner_only,true,,1,3,1
77,609763,zero_boundary,corner_only,true,,1,3,1
78,617682,zero_boundary,corner_only,true,,1,3,1
79,625601,zero_boundary,corner_only,true,,1,3,1
80,633520,zero_boundary,corner_only,true,,1,3,1
81,641439,zero_boundary,corner_only,true,,1,3,1
82,649358,zero_boundary,corner_only,true,,1,3,1
83,657277,zero_boundary,corner_only,true,,1,3,2
84,665196,zero_boundary,corner_only,true,,1,3,1
85,673115,zero_boundary,corner_only,true,,1,3,1
86,681034,zero_boundary,corner_only,true,,1,3,1
87,688953,zero_boundary,corner_only,true,,1,3,2
88,696872,zero_boundary,corner_only,true,,1,3,1
89,704791,zero_boundary,corner_only,true,,1,3,1
90,712710,zero_boundary,corner_only,true,,1,3,1
91,720629,zero_boundary,corner_only,true,,1,3,1
92,728548,zero_boundary,corner_only,true,,1,3,1
93,736467,zero_boundary,corner_only,true,,1,3,1
94,744386,zero_boundary,corner_only,true,,1,3,1
95,752305,zero_boundary,corner_only,true,,1,3,1
96,760224,zero_boundary,corner_only,true,,1,3,1
97,768143,zero_boundary,corner_only,true,,1,3,1
98,776062,zero_boundary,corner_only,true,,1,3,1
99,783981,zero_boundary,corner_only,true,,1,3,1
100,0,zero_boundary,random_only,true,,2,0,47
101,7919,zero_boundary,random_only,true,,78,0,25
102,15838,zero_boundary,random_only,true,,45,0,10
103,23757,zero_boundary,random_only,true,,8,0,3
104,31676,zero_boundary,random_only,true,,19,0,5
105,39595,zero_boundary,random_only,false,,100,0,19
106,47514,zero_boundary,random_only,true,,72,0,55
107,55433,zero_boundary,random_only,false,,100,0,20
108,63352,zero_boundary,random_only,false,,100,0,27
109,71271,zero_boundary,random_only,true,,83,0,18
110,79190,zero_boundary,random_only,true,,34,0,8
111,87109,zero_boundary,random_only,false,,100,0,19
112,95028,zero_boundary,random_only,true,,35,0,8
113,102947,zero_boundary,random_only,true,,11,0,3
114,110866,zero_boundary,random_only,true,,28,0,6
115,118785,zero_boundary,random_only,true,,95,0,18
116,126704,zero_boundary,random_only,false,,100,0,13
117,134623,zero_boundary,random_only,true,,49,0,4
118,142542,zero_boundary,random_only,false,,100,0,6
119,150461,zero_boundary,random_only,true,,12,0,2
120,158380,zero_boundary,random_only,false,,100,0,6
121,166299,zero_boundary,random_only,true,,57,0,4
122,174218,zero_boundary,random_only,true,,5,0,1
123,182137,zero_boundary,random_only,false,,100,0,6
124,190056,zero_boundary,random_only,true,,46,0,3
125,197975,zero_boundary,random_only,true,,74,0,4
126,205894,zero_boundary,random_only,true,,68,0,8
127,213813,zero_boundary,random_only,false,,100,0,6
128,221732,zero_boundary,random_only,true,,1,0,1
129,229651,zero_boundary,random_only,false,,100,0,6
130,237570,zero_boundary,random_only,false,,100,0,6
131,245489,zero_boundary,random_only,true,,58,0,4
132,253408,zero_boundary,random_only,true,,19,0,2
133,261327,zero_boundary,random_only,true,,7,0,1
134,269246,zero_boundary,random_only,true,,7,0,1
135,277165,zero_boundary,random_only,true,,23,0,2
136,285084,zero_boundary,random_only,true,,13,0,2
137,293003,zero_boundary,random_only,true,,29,0,2
138,300922,zero_boundary,random_only,false,,100,0,9
139,308841,zero_boundary,random_only,false,,100,0,6
140,316760,zero_boundary,random_only,true,,13,0,2
141,324679,zero_boundary,random_only,false,,100,0,6
142,332598,zero_boundary,random_only,false,,100,0,5
143,340517,zero_boundary,random_only,false,,100,0,6
144,348436,zero_boundary,random_only,true,,35,0,3
145,356355,zero_boundary,random_only,false,,100,0,5
146,364274,zero_boundary,random_only,true,,11,0,1
147,372193,zero_boundary,random_only,true,,95,0,5
148,380112,zero_boundary,random_only,true,,73,0,4
149,388031,zero_boundary,random_only,true,,9,0,1
150,395950,zero_boundary,random_only,true,,10,0,2
151,403869,zero_boundary,random_only,false,,100,0,6
152,411788,zero_boundary,random_only,false,,100,0,5
153,419707,zero_boundary,random_only,false,,100,0,5
154,427626,zero_boundary,random_only,false,,100,0,5
155,435545,zero_boundary,random_only,true,,61,0,4
156,443464,zero_boundary,random_only,true,,98,0,5
157,451383,zero_boundary,random_only,true,,5,0,1
158,459302,zero_boundary,random_only,true,,14,0,2
159,467221,zero_boundary,random_only,true,,33,0,2
160,475140,zero_boundary,random_only,false,,100,0,6
161,483059,zero_boundary,random_only,true,,30,0,2
162,490978,zero_boundary,random_only,true,,32,0,2
163,498897,zero_boundary,random_only,false,,100,0,5
164,506816,zero_boundary,random_only,true,,100,0,6
165,514735,zero_boundary,random_only,false,,100,0,5
166,522654,zero_boundary,random_only,true,,15,0,2
167,530573,zero_boundary,random_only,false,,100,0,5
168,538492,zero_boundary,random_only,false,,100,0,5
169,546411,zero_boundary,random_only,true,,26,0,2
170,554330,zero_boundary,random_only,true,,30,0,5
171,562249,zero_boundary,random_only,true,,23,0,3
172,570168,zero_boundary,random_only,false,,100,0,6
173,578087,zero_boundary,random_only,true,,14,0,2
174,586006,zero_boundary,random_only,true,,28,0,2
175,593925,zero_boundary,random_only,true,,35,0,3
176,601844,zero_boundary,random_only,true,,58,0,4
177,609763,zero_boundary,random_only,true,,42,0,3
178,617682,zero_boundary,random_only,true,,20,0,2
179,625601,zero_boundary,random_only,true,,3,0,1
180,633520,zero_boundary,random_only,false,,100,0,9
181,641439,zero_boundary,random_only,true,,54,0,5
182,649358,zero_boundary,random_only,true,,29,0,3
183,657277,zero_boundary,random_only,true,,34,0,3
184,665196,zero_boundary,random_only,true,,49,0,4
185,673115,zero_boundary,random_only,true,,94,0,6
186,681034,zero_boundary,random_only,true,,19,0,2
187,688953,zero_boundary,random_only,true,,25,0,2
188,696872,zero_boundary,random_only,true,,66,0,4
189,704791,zero_boundary,random_only,false,,100,0,6
190,712710,zero_boundary,random_only,false,,100,0,6
191,720629,zero_boundary,random_only,true,,37,0,3
192,728548,zero_boundary,random_only,true,,44,0,3
193,736467,zero_boundary,random_only,true,,20,0,2
194,744386,zero_boundary,random_only,true,,12,0,2
195,752305,zero_boundary,random_only,false,,100,0,6
196,760224,zero_boundary,random_only,false,,100,0,6
197,768143,zero_boundary,random_only,true,,63,0,4
198,776062,zero_boundary,random_only,false,,100,0,6
199,783981,zero_boundary,random_only,true,,64,0,4
200,0,zero_boundary,hybrid,true,true,1,3,3
201,7919,zero_boundary,hybrid,true,true,1,3,1
202,15838,zero_boundary,hybrid,true,true,1,3,2
203,23757,zero_boundary,hybrid,true,true,1,3,1
204,31676,zero_boundary,hybrid,true,true,1,3,1
205,39595,zero_boundary,hybrid,true,true,1,3,1
206,47514,zero_boundary,hybrid,true,true,1,3,1
207,55433,zero_boundary,hybrid,true,true,1,3,1
208,63352,zero_boundary,hybrid,true,true,1,3,1
209,71271,zero_boundary,hybrid,true,true,1,3,1
210,79190,zero_boundary,hybrid,true,true,1,3,1
211,87109,zero_boundary,hybrid,true,true,1,3,1
212,95028,zero_boundary,hybrid,true,true,1,3,1
213,102947,zero_boundary,hybrid,true,true,1,3,1
214,110866,zero_boundary,hybrid,true,true,1,3,1
215,118785,zero_boundary,hybrid,true,true,1,3,1
216,126704,zero_boundary,hybrid,true,true,1,3,1
217,134623,zero_boundary,hybrid,true,true,1,3,1
218,142542,zero_boundary,hybrid,true,true,1,3,1
219,150461,zero_boundary,hybrid,true,true,1,3,1
220,158380,zero_boundary,hybrid,true,true,1,3,1
221,166299,zero_boundary,hybrid,true,true,1,3,1
222,174218,zero_boundary,hybrid,true,true,1,3,1
223,182137,zero_boundary,hybrid,true,true,1,3,1
224,190056,zero_boundary,hybrid,true,true,1,3,1
225,197975,zero_boundary,hybrid,true,true,1,3,1
226,205894,zero_boundary,hybrid,true,true,1,3,1
227,213813,zero_boundary,hybrid,true,true,1,3,1
228,221732,zero_boundary,hybrid,true,true,1,3,1
229,229651,zero_boundary,hybrid,true,true,1,3,1
230,237570,zero_boundary,hybrid,true,true,1,3,1
231,245489,zero_boundary,hybrid,true,true,1,3,1
232,253408,zero_boundary,hybrid,true,true,1,3,1
233,261327,zero_boundary,hybrid,true,true,1,3,1
234,269246,zero_boundary,hybrid,true,true,1,3,1
235,277165,zero_boundary,hybrid,true,true,1,3,1
236,285084,zero_boundary,hybrid,true,true,1,3,1
237,293003,zero_boundary,hybrid,true,true,1,3,1
238,300922,zero_boundary,hybrid,true,true,1,3,14
239,308841,zero_boundary,hybrid,true,true,1,3,1
240,316760,zero_boundary,hybrid,true,true,1,3,1
241,324679,zero_boundary,hybrid,true,true,1,3,1
242,332598,zero_boundary,hybrid,true,true,1,3,2
243,340517,zero_boundary,hybrid,true,true,1,3,1
244,348436,zero_boundary,hybrid,true,true,1,3,1
245,356355,zero_boundary,hybrid,true,true,1,3,1
246,364274,zero_boundary,hybrid,true,true,1,3,2
247,372193,zero_boundary,hybrid,true,true,1,3,1
248,380112,zero_boundary,hybrid,true,true,1,3,1
249,388031,zero_boundary,hybrid,true,true,1,3,1
250,395950,zero_boundary,hybrid,true,true,1,3,2
251,403869,zero_boundary,hybrid,true,true,1,3,1
252,411788,zero_boundary,hybrid,true,true,1,3,1
253,419707,zero_boundary,hybrid,true,true,1,3,1
254,427626,zero_boundary,hybrid,true,true,1,3,1
255,435545,zero_boundary,hybrid,true,true,1,3,3
256,443464,zero_boundary,hybrid,true,true,1,3,1
257,451383,zero_boundary,hybrid,true,true,1,3,2
258,459302,zero_boundary,hybrid,true,true,1,3,1
259,467221,zero_boundary,hybrid,true,true,1,3,1
260,475140,zero_boundary,hybrid,true,true,1,3,1
261,483059,zero_boundary,hybrid,true,true,1,3,2
262,490978,zero_boundary,hybrid,true,true,1,3,1
263,498897,zero_boundary,hybrid,true,true,1,3,1
264,506816,zero_boundary,hybrid,true,true,1,3,1
265,514735,zero_boundary,hybrid,true,true,1,3,2
266,522654,zero_boundary,hybrid,true,true,1,3,1
267,530573,zero_boundary,hybrid,true,true,1,3,1
268,538492,zero_boundary,hybrid,true,true,1,3,1
269,546411,zero_boundary,hybrid,true,true,1,3,2
270,554330,zero_boundary,hybrid,true,true,1,3,1
271,562249,zero_boundary,hybrid,true,true,1,3,1
272,570168,zero_boundary,hybrid,true,true,1,3,1
273,578087,zero_boundary,hybrid,true,true,1,3,1
274,586006,zero_boundary,hybrid,true,true,1,3,1
275,593925,zero_boundary,hybrid,true,true,1,3,1
276,601844,zero_boundary,hybrid,true,true,1,3,2
277,609763,zero_boundary,hybrid,true,true,1,3,1
278,617682,zero_boundary,hybrid,true,true,1,3,1
279,625601,zero_boundary,hybrid,true,true,1,3,1
280,633520,zero_boundary,hybrid,true,true,1,3,4
281,641439,zero_boundary,hybrid,true,true,1,3,1
282,649358,zero_boundary,hybrid,true,true,1,3,1
283,657277,zero_boundary,hybrid,true,true,1,3,1
284,665196,zero_boundary,hybrid,true,true,1,3,2
285,673115,zero_boundary,hybrid,true,true,1,3,1
286,681034,zero_boundary,hybrid,true,true,1,3,1
287,688953,zero_boundary,hybrid,true,true,1,3,1
288,696872,zero_boundary,hybrid,true,true,1,3,2
289,704791,zero_boundary,hybrid,true,true,1,3,1
290,712710,zero_boundary,hybrid,true,true,1,3,1
291,720629,zero_boundary,hybrid,true,true,1,3,1
292,728548,zero_boundary,hybrid,true,true,1,3,1
293,736467,zero_boundary,hybrid,true,true,1,3,1
294,744386,zero_boundary,hybrid,true,true,1,3,1
295,752305,zero_boundary,hybrid,true,true,1,3,2
296,760224,zero_boundary,hybrid,true,true,1,3,1
297,768143,zero_boundary,hybrid,true,true,1,3,1
298,776062,zero_boundary,hybrid,true,true,1,3,1
299,783981,zero_boundary,hybrid,true,true,1,3,8
300,0,empty_boundary,corner_only,true,,1,3,11
301,7919,empty_boundary,corner_only,true,,1,3,2
302,15838,empty_boundary,corner_only,true,,1,3,1
303,23757,empty_boundary,corner_only,true,,1,3,3
304,31676,empty_boundary,corner_only,true,,1,3,1
305,39595,empty_boundary,corner_only,true,,1,3,1
306,47514,empty_boundary,corner_only,true,,1,3,1
307,55433,empty_boundary,corner_only,true,,1,3,2
308,63352,empty_boundary,corner_only,true,,1,3,1
309,71271,empty_boundary,corner_only,true,,1,3,1
310,79190,empty_boundary,corner_only,true,,1,3,1
311,87109,empty_boundary,corner_only,true,,1,3,1
312,95028,empty_boundary,corner_only,true,,1,3,1
313,102947,empty_boundary,corner_only,true,,1,3,1
314,110866,empty_boundary,corner_only,true,,1,3,2
315,118785,empty_boundary,corner_only,true,,1,3,1
316,126704,empty_boundary,corner_only,true,,1,3,1
317,134623,empty_boundary,corner_only,true,,1,3,1
318,142542,empty_boundary,corner_only,true,,1,3,2
319,150461,empty_boundary,corner_only,true,,1,3,1
320,158380,empty_boundary,corner_only,true,,1,3,1
321,166299,empty_boundary,corner_only,true,,1,3,1
322,174218,empty_boundary,corner_only,true,,1,3,2
323,182137,empty_boundary,corner_only,true,,1,3,1
324,190056,empty_boundary,corner_only,true,,1,3,1
325,197975,empty_boundary,corner_only,true,,1,3,1
326,205894,empty_boundary,corner_only,true,,1,3,2
327,213813,empty_boundary,corner_only,true,,1,3,1
328,221732,empty_boundary,corner_only,true,,1,3,1
329,229651,empty_boundary,corner_only,true,,1,3,1
330,237570,empty_boundary,corner_only,true,,1,3,1
331,245489,empty_boundary,corner_only,true,,1,3,1
332,253408,empty_boundary,corner_only,true,,1,3,1
333,261327,empty_boundary,corner_only,true,,1,3,3
334,269246,empty_boundary,corner_only,true,,1,3,1
335,277165,empty_boundary,corner_only,true,,1,3,1
336,285084,empty_boundary,corner_only,true,,1,3,1
337,293003,empty_boundary,corner_only,true,,1,3,2
338,300922,empty_boundary,corner_only,true,,1,3,1
339,308841,empty_boundary,corner_only,true,,1,3,1
340,316760,empty_boundary,corner_only,true,,1,3,1
341,324679,empty_boundary,corner_only,true,,1,3,3
342,332598,empty_boundary,corner_only,true,,1,3,1
343,340517,empty_boundary,corner_only,true,,1,3,1
344,348436,empty_boundary,corner_only,true,,1,3,1
345,356355,empty_boundary,corner_only,true,,1,3,1
346,364274,empty_boundary,corner_only,true,,1,3,1
347,372193,empty_boundary,corner_only,true,,1,3,1
348,380112,empty_boundary,corner_only,true,,1,3,3
349,388031,empty_boundary,corner_only,true,,1,3,1
350,395950,empty_boundary,corner_only,true,,1,3,1
351,403869,empty_boundary,corner_only,true,,1,3,1
352,411788,empty_boundary,corner_only,true,,1,3,3
353,419707,empty_boundary,corner_only,true,,1,3,1
354,427626,empty_boundary,corner_only,true,,1,3,1
355,435545,empty_boundary,corner_only,true,,1,3,1
356,443464,empty_boundary,corner_only,true,,1,3,3
357,451383,empty_boundary,corner_only,true,,1,3,1
358,459302,empty_boundary,corner_only,true,,1,3,1
359,467221,empty_boundary,corner_only,true,,1,3,11
360,475140,empty_boundary,corner_only,true,,1,3,1
361,483059,empty_boundary,corner_only,true,,1,3,1
362,490978,empty_boundary,corner_only,true,,1,3,7
363,498897,empty_boundary,corner_only,true,,1,3,1
364,506816,empty_boundary,corner_only,true,,1,3,1
365,514735,empty_boundary,corner_only,true,,1,3,1
366,522654,empty_boundary,corner_only,true,,1,3,2
367,530573,empty_boundary,corner_only,true,,1,3,1
368,538492,empty_boundary,corner_only,true,,1,3,1
369,546411,empty_boundary,corner_only,true,,1,3,1
370,554330,empty_boundary,corner_only,true,,1,3,2
371,562249,empty_boundary,corner_only,true,,1,3,1
372,570168,empty_boundary,corner_only,true,,1,3,1
373,578087,empty_boundary,corner_only,true,,1,3,1
374,586006,empty_boundary,corner_only,true,,1,3,2
375,593925,empty_boundary,corner_only,true,,1,3,1
376,601844,empty_boundary,corner_only,true,,1,3,1
377,609763,empty_boundary,corner_only,true,,1,3,1
378,617682,empty_boundary,corner_only,true,,1,3,2
379,625601,empty_boundary,corner_only,true,,1,3,1
380,633520,empty_boundary,corner_only,true,,1,3,1
381,641439,empty_boundary,corner_only,true,,1,3,1
382,649358,empty_boundary,corner_only,true,,1,3,1
383,657277,empty_boundary,corner_only,true,,1,3,1
384,665196,empty_boundary,corner_only,true,,1,3,1
385,673115,empty_boundary,corner_only,true,,1,3,2
386,681034,empty_boundary,corner_only,true,,1,3,1
387,688953,empty_boundary,corner_only,true,,1,3,1
388,696872,empty_boundary,corner_only,true,,1,3,1
389,704791,empty_boundary,corner_only,true,,1,3,2
390,712710,empty_boundary,corner_only,true,,1,3,1
391,720629,empty_boundary,corner_only,true,,1,3,1
392,728548,empty_boundary,corner_only,true,,1,3,3
393,736467,empty_boundary,corner_only,true,,1,3,2
394,744386,empty_boundary,corner_only,true,,1,3,1
395,752305,empty_boundary,corner_only,true,,1,3,1
396,760224,empty_boundary,corner_only,true,,1,3,1
397,768143,empty_boundary,corner_only,true,,1,3,13
398,776062,empty_boundary,corner_only,true,,1,3,19
399,783981,empty_boundary,corner_only,true,,1,3,1
400,0,empty_boundary,random_only,true,,2,0,3
401,7919,empty_boundary,random_only,true,,78,0,6
402,15838,empty_boundary,random_only,true,,24,0,4
403,23757,empty_boundary,random_only,true,,8,0,1
404,31676,empty_boundary,random_only,true,,19,0,4
405,39595,empty_boundary,random_only,false,,100,0,8
406,47514,empty_boundary,random_only,true,,72,0,8
407,55433,empty_boundary,random_only,true,,46,0,7
408,63352,empty_boundary,random_only,true,,17,0,2
409,71271,empty_boundary,random_only,true,,83,0,7
410,79190,empty_boundary,random_only,true,,34,0,10
411,87109,empty_boundary,random_only,false,,100,0,16
412,95028,empty_boundary,random_only,true,,35,0,5
413,102947,empty_boundary,random_only,true,,11,0,2
414,110866,empty_boundary,random_only,true,,28,0,2
415,118785,empty_boundary,random_only,true,,60,0,5
416,126704,empty_boundary,random_only,false,,100,0,7
417,134623,empty_boundary,random_only,true,,49,0,3
418,142542,empty_boundary,random_only,false,,100,0,10
419,150461,empty_boundary,random_only,true,,12,0,2
420,158380,empty_boundary,random_only,true,,86,0,7
421,166299,empty_boundary,random_only,true,,12,0,2
422,174218,empty_boundary,random_only,true,,5,0,2
423,182137,empty_boundary,random_only,false,,100,0,7
424,190056,empty_boundary,random_only,true,,20,0,4
425,197975,empty_boundary,random_only,true,,12,0,3
426,205894,empty_boundary,random_only,true,,68,0,4
427,213813,empty_boundary,random_only,true,,16,0,2
428,221732,empty_boundary,random_only,true,,1,0,2
429,229651,empty_boundary,random_only,true,,50,0,3
430,237570,empty_boundary,random_only,false,,100,0,7
431,245489,empty_boundary,random_only,true,,58,0,3
432,253408,empty_boundary,random_only,true,,19,0,6
433,261327,empty_boundary,random_only,true,,7,0,1
434,269246,empty_boundary,random_only,true,,7,0,1
435,277165,empty_boundary,random_only,true,,23,0,3
436,285084,empty_boundary,random_only,true,,13,0,1
437,293003,empty_boundary,random_only,true,,29,0,2
438,300922,empty_boundary,random_only,false,,100,0,6
439,308841,empty_boundary,random_only,true,,57,0,5
440,316760,empty_boundary,random_only,true,,13,0,1
441,324679,empty_boundary,random_only,true,,39,0,3
442,332598,empty_boundary,random_only,true,,5,0,2
443,340517,empty_boundary,random_only,false,,100,0,5
444,348436,empty_boundary,random_only,true,,35,0,4
445,356355,empty_boundary,random_only,true,,61,0,4
446,364274,empty_boundary,random_only,true,,11,0,11
447,372193,empty_boundary,random_only,true,,95,0,5
448,380112,empty_boundary,random_only,true,,73,0,5
449,388031,empty_boundary,random_only,true,,9,0,1
450,395950,empty_boundary,random_only,true,,10,0,1
451,403869,empty_boundary,random_only,false,,100,0,5
452,411788,empty_boundary,random_only,true,,38,0,6
453,419707,empty_boundary,random_only,false,,100,0,5
454,427626,empty_boundary,random_only,true,,52,0,8
455,435545,empty_boundary,random_only,true,,11,0,1
456,443464,empty_boundary,random_only,true,,98,0,6
457,451383,empty_boundary,random_only,true,,5,0,1
458,459302,empty_boundary,random_only,true,,14,0,1
459,467221,empty_boundary,random_only,true,,33,0,4
460,475140,empty_boundary,random_only,true,,61,0,3
461,483059,empty_boundary,random_only,true,,30,0,5
462,490978,empty_boundary,random_only,true,,32,0,2
463,498897,empty_boundary,random_only,false,,100,0,6
464,506816,empty_boundary,random_only,true,,10,0,1
465,514735,empty_boundary,random_only,false,,100,0,6
466,522654,empty_boundary,random_only,true,,15,0,2
467,530573,empty_boundary,random_only,false,,100,0,7
468,538492,empty_boundary,random_only,true,,38,0,3
469,546411,empty_boundary,random_only,true,,26,0,7
470,554330,empty_boundary,random_only,true,,30,0,2
471,562249,empty_boundary,random_only,true,,23,0,2
472,570168,empty_boundary,random_only,false,,100,0,5
473,578087,empty_boundary,random_only,true,,10,0,6
474,586006,empty_boundary,random_only,true,,14,0,3
475,593925,empty_boundary,random_only,true,,35,0,2
476,601844,empty_boundary,random_only,true,,6,0,1
477,609763,empty_boundary,random_only,true,,42,0,3
478,617682,empty_boundary,random_only,true,,20,0,2
479,625601,empty_boundary,random_only,true,,3,0,3
480,633520,empty_boundary,random_only,true,,28,0,2
481,641439,empty_boundary,random_only,true,,54,0,3
482,649358,empty_boundary,random_only,true,,29,0,13
483,657277,empty_boundary,random_only,true,,34,0,2
484,665196,empty_boundary,random_only,true,,9,0,1
485,673115,empty_boundary,random_only,true,,64,0,4
486,681034,empty_boundary,random_only,true,,19,0,2
487,688953,empty_boundary,random_only,true,,25,0,3
488,696872,empty_boundary,random_only,true,,42,0,3
489,704791,empty_boundary,random_only,true,,1,0,1
490,712710,empty_boundary,random_only,true,,21,0,2
491,720629,empty_boundary,random_only,true,,37,0,3
492,728548,empty_boundary,random_only,true,,44,0,4
493,736467,empty_boundary,random_only,true,,20,0,2
494,744386,empty_boundary,random_only,true,,12,0,1
495,752305,empty_boundary,random_only,true,,36,0,4
496,760224,empty_boundary,random_only,true,,26,0,2
497,768143,empty_boundary,random_only,true,,63,0,5
498,776062,empty_boundary,random_only,true,,13,0,2
499,783981,empty_boundary,random_only,true,,64,0,5
500,0,empty_boundary,hybrid,true,true,1,3,1
501,7919,empty_boundary,hybrid,true,true,1,3,2
502,15838,empty_boundary,hybrid,true,true,1,3,1
503,23757,empty_boundary,hybrid,true,true,1,3,2
504,31676,empty_boundary,hybrid,true,true,1,3,1
505,39595,empty_boundary,hybrid,true,true,1,3,1
506,47514,empty_boundary,hybrid,true,true,1,3,1
507,55433,empty_boundary,hybrid,true,true,1,3,2
508,63352,empty_boundary,hybrid,true,true,1,3,1
509,71271,empty_boundary,hybrid,true,true,1,3,1
510,79190,empty_boundary,hybrid,true,true,1,3,15
511,87109,empty_boundary,hybrid,true,true,1,3,3
512,95028,empty_boundary,hybrid,true,true,1,3,1
513,102947,empty_boundary,hybrid,true,true,1,3,1
514,110866,empty_boundary,hybrid,true,true,1,3,1
515,118785,empty_boundary,hybrid,true,true,1,3,1
516,126704,empty_boundary,hybrid,true,true,1,3,1
517,134623,empty_boundary,hybrid,true,true,1,3,1
518,142542,empty_boundary,hybrid,true,true,1,3,1
519,150461,empty_boundary,hybrid,true,true,1,3,1
520,158380,empty_boundary,hybrid,true,true,1,3,1
521,166299,empty_boundary,hybrid,true,true,1,3,1
522,174218,empty_boundary,hybrid,true,true,1,3,3
523,182137,empty_boundary,hybrid,true,true,1,3,1
524,190056,empty_boundary,hybrid,true,true,1,3,1
525,197975,empty_boundary,hybrid,true,true,1,3,1
526,205894,empty_boundary,hybrid,true,true,1,3,3
527,213813,empty_boundary,hybrid,true,true,1,3,1
528,221732,empty_boundary,hybrid,true,true,1,3,1
529,229651,empty_boundary,hybrid,true,true,1,3,1
530,237570,empty_boundary,hybrid,true,true,1,3,3
531,245489,empty_boundary,hybrid,true,true,1,3,1
532,253408,empty_boundary,hybrid,true,true,1,3,1
533,261327,empty_boundary,hybrid,true,true,1,3,1
534,269246,empty_boundary,hybrid,true,true,1,3,8
535,277165,empty_boundary,hybrid,true,true,1,3,1
536,285084,empty_boundary,hybrid,true,true,1,3,1
537,293003,empty_boundary,hybrid,true,true,1,3,1
538,300922,empty_boundary,hybrid,true,true,1,3,4
539,308841,empty_boundary,hybrid,true,true,1,3,1
540,316760,empty_boundary,hybrid,true,true,1,3,1
541,324679,empty_boundary,hybrid,true,true,1,3,2
542,332598,empty_boundary,hybrid,true,true,1,3,1
543,340517,empty_boundary,hybrid,true,true,1,3,1
544,348436,empty_boundary,hybrid,true,true,1,3,1
545,356355,empty_boundary,hybrid,true,true,1,3,2
546,364274,empty_boundary,hybrid,true,true,1,3,1
547,372193,empty_boundary,hybrid,true,true,1,3,1
548,380112,empty_boundary,hybrid,true,true,1,3,1
549,388031,empty_boundary,hybrid,true,true,1,3,2
550,395950,empty_boundary,hybrid,true,true,1,3,1
551,403869,empty_boundary,hybrid,true,true,1,3,1
552,411788,empty_boundary,hybrid,true,true,1,3,1
553,419707,empty_boundary,hybrid,true,true,1,3,2
554,427626,empty_boundary,hybrid,true,true,1,3,1
555,435545,empty_boundary,hybrid,true,true,1,3,2
556,443464,empty_boundary,hybrid,true,true,1,3,1
557,451383,empty_boundary,hybrid,true,true,1,3,1
558,459302,empty_boundary,hybrid,true,true,1,3,1
559,467221,empty_boundary,hybrid,true,true,1,3,2
560,475140,empty_boundary,hybrid,true,true,1,3,1
561,483059,empty_boundary,hybrid,true,true,1,3,1
562,490978,empty_boundary,hybrid,true,true,1,3,1
563,498897,empty_boundary,hybrid,true,true,1,3,1
564,506816,empty_boundary,hybrid,true,true,1,3,3
565,514735,empty_boundary,hybrid,true,true,1,3,1
566,522654,empty_boundary,hybrid,true,true,1,3,1
567,530573,empty_boundary,hybrid,true,true,1,3,1
568,538492,empty_boundary,hybrid,true,true,1,3,1
569,546411,empty_boundary,hybrid,true,true,1,3,1
570,554330,empty_boundary,hybrid,true,true,1,3,2
571,562249,empty_boundary,hybrid,true,true,1,3,1
572,570168,empty_boundary,hybrid,true,true,1,3,1
573,578087,empty_boundary,hybrid,true,true,1,3,1
574,586006,empty_boundary,hybrid,true,true,1,3,2
575,593925,empty_boundary,hybrid,true,true,1,3,1
576,601844,empty_boundary,hybrid,true,true,1,3,1
577,609763,empty_boundary,hybrid,true,true,1,3,1
578,617682,empty_boundary,hybrid,true,true,1,3,3
579,625601,empty_boundary,hybrid,true,true,1,3,1
580,633520,empty_boundary,hybrid,true,true,1,3,1
581,641439,empty_boundary,hybrid,true,true,1,3,1
582,649358,empty_boundary,hybrid,true,true,1,3,3
583,657277,empty_boundary,hybrid,true,true,1,3,1
584,665196,empty_boundary,hybrid,true,true,1,3,1
585,673115,empty_boundary,hybrid,true,true,1,3,1
586,681034,empty_boundary,hybrid,true,true,1,3,1
587,688953,empty_boundary,hybrid,true,true,1,3,1
588,696872,empty_boundary,hybrid,true,true,1,3,3
589,704791,empty_boundary,hybrid,true,true,1,3,3
590,712710,empty_boundary,hybrid,true,true,1,3,1
591,720629,empty_boundary,hybrid,true,true,1,3,1
592,728548,empty_boundary,hybrid,true,true,1,3,1
593,736467,empty_boundary,hybrid,true,true,1,3,7
594,744386,empty_boundary,hybrid,true,true,1,3,1
595,752305,empty_boundary,hybrid,true,true,1,3,1
596,760224,empty_boundary,hybrid,true,true,1,3,1
597,768143,empty_boundary,hybrid,true,true,1,3,2
598,776062,empty_boundary,hybrid,true,true,1,3,1
599,783981,empty_boundary,hybrid,true,true,1,3,1
600,0,off_by_one,corner_only,false,,3,3,14
601,7919,off_by_one,corner_only,false,,3,3,3
602,15838,off_by_one,corner_only,false,,3,3,2
603,23757,off_by_one,corner_only,false,,3,3,1
604,31676,off_by_one,corner_only,false,,3,3,1
605,39595,off_by_one,corner_only,false,,3,3,1
606,47514,off_by_one,corner_only,false,,3,3,1
607,55433,off_by_one,corner_only,false,,3,3,1
608,63352,off_by_one,corner_only,false,,3,3,2
609,71271,off_by_one,corner_only,false,,3,3,1
610,79190,off_by_one,corner_only,false,,3,3,1
611,87109,off_by_one,corner_only,false,,3,3,1
612,95028,off_by_one,corner_only,false,,3,3,2
613,102947,off_by_one,corner_only,false,,3,3,1
614,110866,off_by_one,corner_only,false,,3,3,1
615,118785,off_by_one,corner_only,false,,3,3,1
616,126704,off_by_one,corner_only,false,,3,3,2
617,134623,off_by_one,corner_only,false,,3,3,1
618,142542,off_by_one,corner_only,false,,3,3,1
619,150461,off_by_one,corner_only,false,,3,3,1
620,158380,off_by_one,corner_only,false,,3,3,2
621,166299,off_by_one,corner_only,false,,3,3,1
622,174218,off_by_one,corner_only,false,,3,3,1
623,182137,off_by_one,corner_only,false,,3,3,1
624,190056,off_by_one,corner_only,false,,3,3,1
625,197975,off_by_one,corner_only,false,,3,3,1
626,205894,off_by_one,corner_only,false,,3,3,1
627,213813,off_by_one,corner_only,false,,3,3,8
628,221732,off_by_one,corner_only,false,,3,3,2
629,229651,off_by_one,corner_only,false,,3,3,1
630,237570,off_by_one,corner_only,false,,3,3,1
631,245489,off_by_one,corner_only,false,,3,3,2
632,253408,off_by_one,corner_only,false,,3,3,1
633,261327,off_by_one,corner_only,false,,3,3,1
634,269246,off_by_one,corner_only,false,,3,3,1
635,277165,off_by_one,corner_only,false,,3,3,3
636,285084,off_by_one,corner_only,false,,3,3,1
637,293003,off_by_one,corner_only,false,,3,3,1
638,300922,off_by_one,corner_only,false,,3,3,1
639,308841,off_by_one,corner_only,false,,3,3,3
640,316760,off_by_one,corner_only,false,,3,3,1
641,324679,off_by_one,corner_only,false,,3,3,1
642,332598,off_by_one,corner_only,false,,3,3,1
643,340517,off_by_one,corner_only,false,,3,3,3
644,348436,off_by_one,corner_only,false,,3,3,1
645,356355,off_by_one,corner_only,false,,3,3,1
646,364274,off_by_one,corner_only,false,,3,3,4
647,372193,off_by_one,corner_only,false,,3,3,1
648,380112,off_by_one,corner_only,false,,3,3,1
649,388031,off_by_one,corner_only,false,,3,3,1
650,395950,off_by_one,corner_only,false,,3,3,1
651,403869,off_by_one,corner_only,false,,3,3,1
652,411788,off_by_one,corner_only,false,,3,3,1
653,419707,off_by_one,corner_only,false,,3,3,1
654,427626,off_by_one,corner_only,false,,3,3,314
655,435545,off_by_one,corner_only,false,,3,3,5
656,443464,off_by_one,corner_only,false,,3,3,1
657,451383,off_by_one,corner_only,false,,3,3,1
658,459302,off_by_one,corner_only,false,,3,3,1
659,467221,off_by_one,corner_only,false,,3,3,1
660,475140,off_by_one,corner_only,false,,3,3,1
661,483059,off_by_one,corner_only,false,,3,3,1
662,490978,off_by_one,corner_only,false,,3,3,1
663,498897,off_by_one,corner_only,false,,3,3,1
664,506816,off_by_one,corner_only,false,,3,3,1
665,514735,off_by_one,corner_only,false,,3,3,1
666,522654,off_by_one,corner_only,false,,3,3,1
667,530573,off_by_one,corner_only,false,,3,3,1
668,538492,off_by_one,corner_only,false,,3,3,1
669,546411,off_by_one,corner_only,false,,3,3,1
670,554330,off_by_one,corner_only,false,,3,3,1
671,562249,off_by_one,corner_only,false,,3,3,1
672,570168,off_by_one,corner_only,false,,3,3,1
673,578087,off_by_one,corner_only,false,,3,3,1
674,586006,off_by_one,corner_only,false,,3,3,1
675,593925,off_by_one,corner_only,false,,3,3,1
676,601844,off_by_one,corner_only,false,,3,3,4
677,609763,off_by_one,corner_only,false,,3,3,1
678,617682,off_by_one,corner_only,false,,3,3,1
679,625601,off_by_one,corner_only,false,,3,3,1
680,633520,off_by_one,corner_only,false,,3,3,1
681,641439,off_by_one,corner_only,false,,3,3,1
682,649358,off_by_one,corner_only,false,,3,3,1
683,657277,off_by_one,corner_only,false,,3,3,1
684,665196,off_by_one,corner_only,false,,3,3,1
685,673115,off_by_one,corner_only,false,,3,3,1
686,681034,off_by_one,corner_only,false,,3,3,1
687,688953,off_by_one,corner_only,false,,3,3,1
688,696872,off_by_one,corner_only,false,,3,3,1
689,704791,off_by_one,corner_only,false,,3,3,1
690,712710,off_by_one,corner_only,false,,3,3,1
691,720629,off_by_one,corner_only,false,,3,3,1
692,728548,off_by_one,corner_only,false,,3,3,1
693,736467,off_by_one,corner_only,false,,3,3,1
694,744386,off_by_one,corner_only,false,,3,3,1
695,752305,off_by_one,corner_only,false,,3,3,1
696,760224,off_by_one,corner_only,false,,3,3,1
697,768143,off_by_one,corner_only,false,,3,3,1
698,776062,off_by_one,corner_only,false,,3,3,1
699,783981,off_by_one,corner_only,false,,3,3,1
700,0,off_by_one,random_only,false,,100,0,7
701,7919,off_by_one,random_only,true,,20,0,14
702,15838,off_by_one,random_only,false,,100,0,7
703,23757,off_by_one,random_only,true,,72,0,5
704,31676,off_by_one,random_only,true,,14,0,2
705,39595,off_by_one,random_only,true,,11,0,1
706,47514,off_by_one,random_only,true,,66,0,4
707,55433,off_by_one,random_only,false,,100,0,6
708,63352,off_by_one,random_only,true,,29,0,2
709,71271,off_by_one,random_only,true,,36,0,3
710,79190,off_by_one,random_only,true,,32,0,3
711,87109,off_by_one,random_only,false,,100,0,6
712,95028,off_by_one,random_only,true,,41,0,6
713,102947,off_by_one,random_only,true,,28,0,3
714,110866,off_by_one,random_only,true,,49,0,3
715,118785,off_by_one,random_only,false,,100,0,5
716,126704,off_by_one,random_only,true,,19,0,2
717,134623,off_by_one,random_only,true,,52,0,3
718,142542,off_by_one,random_only,true,,53,0,3
719,150461,off_by_one,random_only,true,,4,0,1
720,158380,off_by_one,random_only,true,,63,0,5
721,166299,off_by_one,random_only,true,,18,0,2
722,174218,off_by_one,random_only,true,,9,0,1
723,182137,off_by_one,random_only,false,,100,0,6
724,190056,off_by_one,random_only,true,,68,0,4
725,197975,off_by_one,random_only,true,,13,0,1
726,205894,off_by_one,random_only,true,,5,0,1
727,213813,off_by_one,random_only,true,,46,0,3
728,221732,off_by_one,random_only,true,,97,0,5
729,229651,off_by_one,random_only,true,,6,0,1
730,237570,off_by_one,random_only,true,,45,0,3
731,245489,off_by_one,random_only,true,,97,0,5
732,253408,off_by_one,random_only,false,,100,0,5
733,261327,off_by_one,random_only,true,,31,0,2
734,269246,off_by_one,random_only,true,,91,0,5
735,277165,off_by_one,random_only,false,,100,0,5
736,285084,off_by_one,random_only,false,,100,0,5
737,293003,off_by_one,random_only,true,,14,0,1
738,300922,off_by_one,random_only,true,,85,0,5
739,308841,off_by_one,random_only,false,,100,0,5
740,316760,off_by_one,random_only,true,,8,0,1
741,324679,off_by_one,random_only,true,,31,0,2
742,332598,off_by_one,random_only,true,,42,0,3
743,340517,off_by_one,random_only,true,,76,0,4
744,348436,off_by_one,random_only,true,,51,0,3
745,356355,off_by_one,random_only,true,,20,0,2
746,364274,off_by_one,random_only,true,,44,0,3
747,372193,off_by_one,random_only,true,,27,0,2
748,380112,off_by_one,random_only,true,,34,0,2
749,388031,off_by_one,random_only,true,,35,0,2
750,395950,off_by_one,random_only,true,,95,0,5
751,403869,off_by_one,random_only,true,,3,0,1
752,411788,off_by_one,random_only,true,,16,0,2
753,419707,off_by_one,random_only,false,,100,0,5
754,427626,off_by_one,random_only,true,,15,0,1
755,435545,off_by_one,random_only,true,,32,0,2
756,443464,off_by_one,random_only,false,,100,0,6
757,451383,off_by_one,random_only,true,,14,0,1
758,459302,off_by_one,random_only,true,,10,0,1
759,467221,off_by_one,random_only,true,,45,0,3
760,475140,off_by_one,random_only,true,,2,0,1
761,483059,off_by_one,random_only,false,,100,0,5
762,490978,off_by_one,random_only,false,,100,0,5
763,498897,off_by_one,random_only,true,,57,0,3
764,506816,off_by_one,random_only,true,,34,0,2
765,514735,off_by_one,random_only,true,,20,0,2
766,522654,off_by_one,random_only,true,,32,0,2
767,530573,off_by_one,random_only,true,,4,0,1
768,538492,off_by_one,random_only,true,,28,0,2
769,546411,off_by_one,random_only,true,,27,0,2
770,554330,off_by_one,random_only,true,,35,0,2
771,562249,off_by_one,random_only,false,,100,0,5
772,570168,off_by_one,random_only,true,,8,0,1
773,578087,off_by_one,random_only,true,,57,0,3
774,586006,off_by_one,random_only,true,,53,0,3
775,593925,off_by_one,random_only,true,,45,0,3
776,601844,off_by_one,random_only,true,,50,0,3
777,609763,off_by_one,random_only,true,,14,0,3
778,617682,off_by_one,random_only,true,,63,0,4
779,625601,off_by_one,random_only,true,,2,0,1
780,633520,off_by_one,random_only,true,,3,0,1
781,641439,off_by_one,random_only,true,,49,0,3
782,649358,off_by_one,random_only,true,,47,0,3
783,657277,off_by_one,random_only,false,,100,0,5
784,665196,off_by_one,random_only,true,,37,0,2
785,673115,off_by_one,random_only,true,,41,0,3
786,681034,off_by_one,random_only,true,,44,0,3
787,688953,off_by_one,random_only,true,,38,0,3
788,696872,off_by_one,random_only,true,,47,0,3
789,704791,off_by_one,random_only,true,,9,0,1
790,712710,off_by_one,random_only,true,,93,0,5
791,720629,off_by_one,random_only,true,,20,0,2
792,728548,off_by_one,random_only,true,,55,0,3
793,736467,off_by_one,random_only,false,,100,0,5
794,744386,off_by_one,random_only,true,,6,0,1
795,752305,off_by_one,random_only,true,,63,0,4
796,760224,off_by_one,random_only,true,,20,0,2
797,768143,off_by_one,random_only,true,,23,0,2
798,776062,off_by_one,random_only,true,,17,0,2
799,783981,off_by_one,random_only,true,,99,0,5
800,0,off_by_one,hybrid,false,,100,3,7
801,7919,off_by_one,hybrid,true,false,23,3,2
802,15838,off_by_one,hybrid,false,,100,3,6
803,23757,off_by_one,hybrid,true,false,75,3,4
804,31676,off_by_one,hybrid,true,false,17,3,2
805,39595,off_by_one,hybrid,true,false,14,3,1
806,47514,off_by_one,hybrid,true,false,69,3,4
807,55433,off_by_one,hybrid,false,,100,3,5
808,63352,off_by_one,hybrid,true,false,32,3,2
809,71271,off_by_one,hybrid,true,false,39,3,3
810,79190,off_by_one,hybrid,true,false,35,3,2
811,87109,off_by_one,hybrid,false,,100,3,5
812,95028,off_by_one,hybrid,true,false,44,3,3
813,102947,off_by_one,hybrid,true,false,31,3,2
814,110866,off_by_one,hybrid,true,false,52,3,3
815,118785,off_by_one,hybrid,false,,100,3,5
816,126704,off_by_one,hybrid,true,false,22,3,2
817,134623,off_by_one,hybrid,true,false,55,3,3
818,142542,off_by_one,hybrid,true,false,56,3,3
819,150461,off_by_one,hybrid,true,false,7,3,1
820,158380,off_by_one,hybrid,true,false,66,3,4
821,166299,off_by_one,hybrid,true,false,21,3,2
822,174218,off_by_one,hybrid,true,false,12,3,1
823,182137,off_by_one,hybrid,false,,100,3,5
824,190056,off_by_one,hybrid,true,false,71,3,4
825,197975,off_by_one,hybrid,true,false,16,3,1
826,205894,off_by_one,hybrid,true,false,8,3,1
827,213813,off_by_one,hybrid,true,false,49,3,3
828,221732,off_by_one,hybrid,true,false,100,3,6
829,229651,off_by_one,hybrid,true,false,9,3,1
830,237570,off_by_one,hybrid,true,false,48,3,3
831,245489,off_by_one,hybrid,true,false,100,3,6
832,253408,off_by_one,hybrid,false,,100,3,6
833,261327,off_by_one,hybrid,true,false,34,3,2
834,269246,off_by_one,hybrid,true,false,94,3,5
835,277165,off_by_one,hybrid,false,,100,3,6
836,285084,off_by_one,hybrid,false,,100,3,6
837,293003,off_by_one,hybrid,true,false,17,3,2
838,300922,off_by_one,hybrid,true,false,88,3,5
839,308841,off_by_one,hybrid,false,,100,3,6
840,316760,off_by_one,hybrid,true,false,11,3,1
841,324679,off_by_one,hybrid,true,false,34,3,4
842,332598,off_by_one,hybrid,true,false,45,3,3
843,340517,off_by_one,hybrid,true,false,79,3,5
844,348436,off_by_one,hybrid,true,false,54,3,3
845,356355,off_by_one,hybrid,true,false,23,3,2
846,364274,off_by_one,hybrid,true,false,47,3,13
847,372193,off_by_one,hybrid,true,false,30,3,3
848,380112,off_by_one,hybrid,true,false,37,3,11
849,388031,off_by_one,hybrid,true,false,38,3,4
850,395950,off_by_one,hybrid,true,false,98,3,6
851,403869,off_by_one,hybrid,true,false,6,3,1
852,411788,off_by_one,hybrid,true,false,19,3,2
853,419707,off_by_one,hybrid,false,,100,3,8
854,427626,off_by_one,hybrid,true,false,18,3,2
855,435545,off_by_one,hybrid,true,false,35,3,3
856,443464,off_by_one,hybrid,false,,100,3,6
857,451383,off_by_one,hybrid,true,false,17,3,2
858,459302,off_by_one,hybrid,true,false,13,3,1
859,467221,off_by_one,hybrid,true,false,48,3,3
860,475140,off_by_one,hybrid,true,false,5,3,1
861,483059,off_by_one,hybrid,false,,100,3,6
862,490978,off_by_one,hybrid,false,,100,3,6
863,498897,off_by_one,hybrid,true,false,60,3,4
864,506816,off_by_one,hybrid,true,false,37,3,3
865,514735,off_by_one,hybrid,true,false,23,3,2
866,522654,off_by_one,hybrid,true,false,35,3,3
867,530573,off_by_one,hybrid,true,false,7,3,1
868,538492,off_by_one,hybrid,true,false,31,3,2
869,546411,off_by_one,hybrid,true,false,30,3,2
870,554330,off_by_one,hybrid,true,false,38,3,3
871,562249,off_by_one,hybrid,false,,100,3,6
872,570168,off_by_one,hybrid,true,false,11,3,1
873,578087,off_by_one,hybrid,true,false,60,3,4
874,586006,off_by_one,hybrid,true,false,56,3,4
875,593925,off_by_one,hybrid,true,false,48,3,3
876,601844,off_by_one,hybrid,true,false,53,3,3
877,609763,off_by_one,hybrid,true,false,17,3,2
878,617682,off_by_one,hybrid,true,false,66,3,4
879,625601,off_by_one,hybrid,true,false,5,3,1
880,633520,off_by_one,hybrid,true,false,6,3,1
881,641439,off_by_one,hybrid,true,false,52,3,3
882,649358,off_by_one,hybrid,true,false,50,3,3
883,657277,off_by_one,hybrid,false,,100,3,6
884,665196,off_by_one,hybrid,true,false,40,3,3
885,673115,off_by_one,hybrid,true,false,44,3,3
886,681034,off_by_one,hybrid,true,false,47,3,3
887,688953,off_by_one,hybrid,true,false,41,3,3
888,696872,off_by_one,hybrid,true,false,50,3,3
889,704791,off_by_one,hybrid,true,false,12,3,1
890,712710,off_by_one,hybrid,true,false,96,3,5
891,720629,off_by_one,hybrid,true,false,23,3,2
892,728548,off_by_one,hybrid,true,false,58,3,4
893,736467,off_by_one,hybrid,false,,100,3,6
894,744386,off_by_one,hybrid,true,false,9,3,1
895,752305,off_by_one,hybrid,true,false,66,3,4
896,760224,off_by_one,hybrid,true,false,23,3,2
897,768143,off_by_one,hybrid,true,false,26,3,2
898,776062,off_by_one,hybrid,true,false,20,3,2
899,783981,off_by_one,hybrid,false,,100,3,6
900,0,interior,corner_only,true,,2,3,16
901,7919,interior,corner_only,true,,2,3,2
902,15838,interior,corner_only,true,,2,3,1
903,23757,interior,corner_only,true,,2,3,1
904,31676,interior,corner_only,true,,2,3,1
905,39595,interior,corner_only,true,,2,3,1
906,47514,interior,corner_only,true,,2,3,1
907,55433,interior,corner_only,true,,2,3,1
908,63352,interior,corner_only,true,,2,3,1
909,71271,interior,corner_only,true,,2,3,1
910,79190,interior,corner_only,true,,2,3,1
911,87109,interior,corner_only,true,,2,3,1
912,95028,interior,corner_only,true,,2,3,1
913,102947,interior,corner_only,true,,2,3,1
914,110866,interior,corner_only,true,,2,3,1
915,118785,interior,corner_only,true,,2,3,1
916,126704,interior,corner_only,true,,2,3,1
917,134623,interior,corner_only,true,,2,3,1
918,142542,interior,corner_only,true,,2,3,1
919,150461,interior,corner_only,true,,2,3,1
920,158380,interior,corner_only,true,,2,3,1
921,166299,interior,corner_only,true,,2,3,1
922,174218,interior,corner_only,true,,2,3,1
923,182137,interior,corner_only,true,,2,3,1
924,190056,interior,corner_only,true,,2,3,1
925,197975,interior,corner_only,true,,2,3,1
926,205894,interior,corner_only,true,,2,3,1
927,213813,interior,corner_only,true,,2,3,1
928,221732,interior,corner_only,true,,2,3,1
929,229651,interior,corner_only,true,,2,3,1
930,237570,interior,corner_only,true,,2,3,1
931,245489,interior,corner_only,true,,2,3,1
932,253408,interior,corner_only,true,,2,3,1
933,261327,interior,corner_only,true,,2,3,1
934,269246,interior,corner_only,true,,2,3,1
935,277165,interior,corner_only,true,,2,3,1
936,285084,interior,corner_only,true,,2,3,1
937,293003,interior,corner_only,true,,2,3,1
938,300922,interior,corner_only,true,,2,3,1
939,308841,interior,corner_only,true,,2,3,1
940,316760,interior,corner_only,true,,2,3,1
941,324679,interior,corner_only,true,,2,3,1
942,332598,interior,corner_only,true,,2,3,1
943,340517,interior,corner_only,true,,2,3,1
944,348436,interior,corner_only,true,,2,3,1
945,356355,interior,corner_only,true,,2,3,1
946,364274,interior,corner_only,true,,2,3,1
947,372193,interior,corner_only,true,,2,3,1
948,380112,interior,corner_only,true,,2,3,13
949,388031,interior,corner_only,true,,2,3,1
950,395950,interior,corner_only,true,,2,3,1
951,403869,interior,corner_only,true,,2,3,1
952,411788,interior,corner_only,true,,2,3,2
953,419707,interior,corner_only,true,,2,3,1
954,427626,interior,corner_only,true,,2,3,1
955,435545,interior,corner_only,true,,2,3,1
956,443464,interior,corner_only,true,,2,3,2
957,451383,interior,corner_only,true,,2,3,1
958,459302,interior,corner_only,true,,2,3,1
959,467221,interior,corner_only,true,,2,3,1
960,475140,interior,corner_only,true,,2,3,2
961,483059,interior,corner_only,true,,2,3,1
962,490978,interior,corner_only,true,,2,3,1
963,498897,interior,corner_only,true,,2,3,1
964,506816,interior,corner_only,true,,2,3,2
965,514735,interior,corner_only,true,,2,3,1
966,522654,interior,corner_only,true,,2,3,1
967,530573,interior,corner_only,true,,2,3,1
968,538492,interior,corner_only,true,,2,3,1
969,546411,interior,corner_only,true,,2,3,1
970,554330,interior,corner_only,true,,2,3,1
971,562249,interior,corner_only,true,,2,3,1
972,570168,interior,corner_only,true,,2,3,1
973,578087,interior,corner_only,true,,2,3,1
974,586006,interior,corner_only,true,,2,3,1
975,593925,interior,corner_only,true,,2,3,2
976,601844,interior,corner_only,true,,2,3,1
977,609763,interior,corner_only,true,,2,3,1
978,617682,interior,corner_only,true,,2,3,1
979,625601,interior,corner_only,true,,2,3,2
980,633520,interior,corner_only,true,,2,3,1
981,641439,interior,corner_only,true,,2,3,1
982,649358,interior,corner_only,true,,2,3,1
983,657277,interior,corner_only,true,,2,3,2
984,665196,interior,corner_only,true,,2,3,1
985,673115,interior,corner_only,true,,2,3,1
986,681034,interior,corner_only,true,,2,3,1
987,688953,interior,corner_only,true,,2,3,2
988,696872,interior,corner_only,true,,2,3,1
989,704791,interior,corner_only,true,,2,3,1
990,712710,interior,corner_only,true,,2,3,1
991,720629,interior,corner_only,true,,2,3,2
992,728548,interior,corner_only,true,,2,3,1
993,736467,interior,corner_only,true,,2,3,1
994,744386,interior,corner_only,true,,2,3,1
995,752305,interior,corner_only,true,,2,3,2
996,760224,interior,corner_only,true,,2,3,1
997,768143,interior,corner_only,true,,2,3,1
998,776062,interior,corner_only,true,,2,3,1
999,783981,interior,corner_only,true,,2,3,2
1000,0,interior,random_only,false,,100,0,6
1001,7919,interior,random_only,false,,100,0,8
1002,15838,interior,random_only,false,,100,0,15
1003,23757,interior,random_only,false,,100,0,7
1004,31676,interior,random_only,true,,72,0,5
1005,39595,interior,random_only,false,,100,0,8
1006,47514,interior,random_only,true,,2,0,1
1007,55433,interior,random_only,true,,50,0,4
1008,63352,interior,random_only,true,,40,0,7
1009,71271,interior,random_only,true,,27,0,2
1010,79190,interior,random_only,true,,49,0,5
1011,87109,interior,random_only,true,,11,0,1
1012,95028,interior,random_only,true,,3,0,1
1013,102947,interior,random_only,true,,3,0,2
1014,110866,interior,random_only,false,,100,0,6
1015,118785,interior,random_only,true,,100,0,6
1016,126704,interior,random_only,false,,100,0,7
1017,134623,interior,random_only,false,,100,0,6
1018,142542,interior,random_only,false,,100,0,7
1019,150461,interior,random_only,true,,97,0,6
1020,158380,interior,random_only,true,,7,0,1
1021,166299,interior,random_only,true,,74,0,5
1022,174218,interior,random_only,false,,100,0,6
1023,182137,interior,random_only,false,,100,0,18
1024,190056,interior,random_only,false,,100,0,8
1025,197975,interior,random_only,true,,84,0,4
1026,205894,interior,random_only,false,,100,0,7
1027,213813,interior,random_only,true,,97,0,8
1028,221732,interior,random_only,false,,100,0,25
1029,229651,interior,random_only,true,,56,0,3
1030,237570,interior,random_only,true,,9,0,1
1031,245489,interior,random_only,true,,31,0,3
1032,253408,interior,random_only,false,,100,0,2
1033,261327,interior,random_only,false,,100,0,3
1034,269246,interior,random_only,true,,18,0,2
1035,277165,interior,random_only,true,,19,0,1
1036,285084,interior,random_only,true,,5,0,1
1037,293003,interior,random_only,true,,31,0,2
1038,300922,interior,random_only,false,,100,0,2
1039,308841,interior,random_only,true,,46,0,2
1040,316760,interior,random_only,true,,32,0,1
1041,324679,interior,random_only,true,,5,0,1
1042,332598,interior,random_only,true,,85,0,3
1043,340517,interior,random_only,false,,100,0,3
1044,348436,interior,random_only,true,,39,0,1
1045,356355,interior,random_only,true,,38,0,2
1046,364274,interior,random_only,true,,50,0,1
1047,372193,interior,random_only,true,,17,0,1
1048,380112,interior,random_only,true,,64,0,3
1049,388031,interior,random_only,true,,5,0,1
1050,395950,interior,random_only,false,,100,0,3
1051,403869,interior,random_only,true,,29,0,1
1052,411788,interior,random_only,false,,100,0,3
1053,419707,interior,random_only,true,,5,0,1
1054,427626,interior,random_only,true,,7,0,1
1055,435545,interior,random_only,true,,56,0,1
1056,443464,interior,random_only,true,,5,0,1
1057,451383,interior,random_only,false,,100,0,3
1058,459302,interior,random_only,true,,19,0,1
1059,467221,interior,random_only,true,,38,0,2
1060,475140,interior,random_only,true,,78,0,2
1061,483059,interior,random_only,true,,18,0,2
1062,490978,interior,random_only,true,,19,0,1
1063,498897,interior,random_only,true,,21,0,1
1064,506816,interior,random_only,true,,36,0,2
1065,514735,interior,random_only,true,,79,0,2
1066,522654,interior,random_only,true,,73,0,3
1067,530573,interior,random_only,false,,100,0,10
1068,538492,interior,random_only,false,,100,0,2
1069,546411,interior,random_only,true,,84,0,3
1070,554330,interior,random_only,true,,45,0,1
1071,562249,interior,random_only,false,,100,0,3
1072,570168,interior,random_only,true,,42,0,1
1073,578087,interior,random_only,true,,42,0,1
1074,586006,interior,random_only,true,,85,0,3
1075,593925,interior,random_only,true,,31,0,1
1076,601844,interior,random_only,false,,100,0,3
1077,609763,interior,random_only,true,,25,0,1
1078,617682,interior,random_only,false,,100,0,3
1079,625601,interior,random_only,true,,75,0,2
1080,633520,interior,random_only,true,,18,0,2
1081,641439,interior,random_only,true,,24,0,1
1082,649358,interior,random_only,true,,82,0,3
1083,657277,interior,random_only,false,,100,0,2
1084,665196,interior,random_only,true,,5,0,2
1085,673115,interior,random_only,true,,35,0,1
1086,681034,interior,random_only,true,,51,0,1
1087,688953,interior,random_only,true,,87,0,3
1088,696872,interior,random_only,true,,2,0,1
1089,704791,interior,random_only,false,,100,0,4
1090,712710,interior,random_only,true,,90,0,3
1091,720629,interior,random_only,true,,46,0,1
1092,728548,interior,random_only,true,,7,0,1
1093,736467,interior,random_only,false,,100,0,4
1094,744386,interior,random_only,false,,100,0,4
1095,752305,interior,random_only,true,,23,0,1
1096,760224,interior,random_only,false,,100,0,4
1097,768143,interior,random_only,true,,88,0,2
1098,776062,interior,random_only,true,,92,0,2
1099,783981,interior,random_only,false,,100,0,3
1100,0,interior,hybrid,true,true,2,3,1
1101,7919,interior,hybrid,true,true,2,3,1
1102,15838,interior,hybrid,true,true,2,3,2
1103,23757,interior,hybrid,true,true,2,3,1
1104,31676,interior,hybrid,true,true,2,3,1
1105,39595,interior,hybrid,true,true,2,3,1
1106,47514,interior,hybrid,true,true,2,3,2
1107,55433,interior,hybrid,true,true,2,3,1
1108,63352,interior,hybrid,true,true,2,3,1
1109,71271,interior,hybrid,true,true,2,3,1
1110,79190,interior,hybrid,true,true,2,3,2
1111,87109,interior,hybrid,true,true,2,3,1
1112,95028,interior,hybrid,true,true,2,3,1
1113,102947,interior,hybrid,true,true,2,3,1
1114,110866,interior,hybrid,true,true,2,3,2
1115,118785,interior,hybrid,true,true,2,3,1
1116,126704,interior,hybrid,true,true,2,3,1
1117,134623,interior,hybrid,true,true,2,3,1
1118,142542,interior,hybrid,true,true,2,3,2
1119,150461,interior,hybrid,true,true,2,3,1
1120,158380,interior,hybrid,true,true,2,3,1
1121,166299,interior,hybrid,true,true,2,3,1
1122,174218,interior,hybrid,true,true,2,3,2
1123,182137,interior,hybrid,true,true,2,3,1
1124,190056,interior,hybrid,true,true,2,3,1
1125,197975,interior,hybrid,true,true,2,3,1
1126,205894,interior,hybrid,true,true,2,3,1
1127,213813,interior,hybrid,true,true,2,3,1
1128,221732,interior,hybrid,true,true,2,3,1
1129,229651,interior,hybrid,true,true,2,3,1
1130,237570,interior,hybrid,true,true,2,3,1
1131,245489,interior,hybrid,true,true,2,3,1
1132,253408,interior,hybrid,true,true,2,3,1
1133,261327,interior,hybrid,true,true,2,3,1
1134,269246,interior,hybrid,true,true,2,3,1
1135,277165,interior,hybrid,true,true,2,3,1
1136,285084,interior,hybrid,true,true,2,3,1
1137,293003,interior,hybrid,true,true,2,3,2
1138,300922,interior,hybrid,true,true,2,3,1
1139,308841,interior,hybrid,true,true,2,3,1
1140,316760,interior,hybrid,true,true,2,3,1
1141,324679,interior,hybrid,true,true,2,3,1
1142,332598,interior,hybrid,true,true,2,3,1
1143,340517,interior,hybrid,true,true,2,3,1
1144,348436,interior,hybrid,true,true,2,3,0
1145,356355,interior,hybrid,true,true,2,3,4
1146,364274,interior,hybrid,true,true,2,3,1
1147,372193,interior,hybrid,true,true,2,3,1
1148,380112,interior,hybrid,true,true,2,3,1
1149,388031,interior,hybrid,true,true,2,3,2
1150,395950,interior,hybrid,true,true,2,3,1
1151,403869,interior,hybrid,true,true,2,3,1
1152,411788,interior,hybrid,true,true,2,3,1
1153,419707,interior,hybrid,true,true,2,3,2
1154,427626,interior,hybrid,true,true,2,3,1
1155,435545,interior,hybrid,true,true,2,3,1
1156,443464,interior,hybrid,true,true,2,3,1
1157,451383,interior,hybrid,true,true,2,3,10
1158,459302,interior,hybrid,true,true,2,3,1
1159,467221,interior,hybrid,true,true,2,3,1
1160,475140,interior,hybrid,true,true,2,3,1
1161,483059,interior,hybrid,true,true,2,3,2
1162,490978,interior,hybrid,true,true,2,3,1
1163,498897,interior,hybrid,true,true,2,3,1
1164,506816,interior,hybrid,true,true,2,3,1
1165,514735,interior,hybrid,true,true,2,3,2
1166,522654,interior,hybrid,true,true,2,3,1
1167,530573,interior,hybrid,true,true,2,3,1
1168,538492,interior,hybrid,true,true,2,3,1
1169,546411,interior,hybrid,true,true,2,3,2
1170,554330,interior,hybrid,true,true,2,3,1
1171,562249,interior,hybrid,true,true,2,3,1
1172,570168,interior,hybrid,true,true,2,3,1
1173,578087,interior,hybrid,true,true,2,3,2
1174,586006,interior,hybrid,true,true,2,3,1
1175,593925,interior,hybrid,true,true,2,3,1
1176,601844,interior,hybrid,true,true,2,3,1
1177,609763,interior,hybrid,true,true,2,3,2
1178,617682,interior,hybrid,true,true,2,3,1
1179,625601,interior,hybrid,true,true,2,3,1
1180,633520,interior,hybrid,true,true,2,3,1
1181,641439,interior,hybrid,true,true,2,3,1
1182,649358,interior,hybrid,true,true,2,3,1
1183,657277,interior,hybrid,true,true,2,3,1
1184,665196,interior,hybrid,true,true,2,3,1
1185,673115,interior,hybrid,true,true,2,3,1
1186,681034,interior,hybrid,true,true,2,3,1
1187,688953,interior,hybrid,true,true,2,3,1
1188,696872,interior,hybrid,true,true,2,3,1
1189,704791,interior,hybrid,true,true,2,3,1
1190,712710,interior,hybrid,true,true,2,3,1
1191,720629,interior,hybrid,true,true,2,3,1
1192,728548,interior,hybrid,true,true,2,3,2
1193,736467,interior,hybrid,true,true,2,3,1
1194,744386,interior,hybrid,true,true,2,3,1
1195,752305,interior,hybrid,true,true,2,3,1
1196,760224,interior,hybrid,true,true,2,3,2
1197,768143,interior,hybrid,true,true,2,3,1
1198,776062,interior,hybrid,true,true,2,3,1
1199,783981,interior,hybrid,true,true,2,3,1
