trial_id,seed,arbitrary_type,sampler_type,requested_count,actual_count,unique_count,termination_guard_triggered,elapsed_micros
0,0,exact,deduping,10,10,10,false,141
1,7919,exact,deduping,10,10,10,false,11
2,15838,exact,deduping,10,10,10,false,4
3,23757,exact,deduping,10,10,10,false,3
4,31676,exact,deduping,10,10,10,false,5
5,39595,exact,deduping,10,10,10,false,3
6,47514,exact,deduping,10,10,10,false,4
7,55433,exact,deduping,10,10,10,false,3
8,63352,exact,deduping,10,10,10,false,8
9,71271,exact,deduping,10,10,10,false,7
10,79190,exact,deduping,10,10,10,false,5
11,87109,exact,deduping,10,10,10,false,3
12,95028,exact,deduping,10,10,10,false,3
13,102947,exact,deduping,10,10,10,false,3
14,110866,exact,deduping,10,10,10,false,4
15,118785,exact,deduping,10,10,10,false,3
16,126704,exact,deduping,10,10,10,false,3
17,134623,exact,deduping,10,10,10,false,3
18,142542,exact,deduping,10,10,10,false,3
19,150461,exact,deduping,10,10,10,false,3
20,158380,exact,deduping,10,10,10,false,3
21,166299,exact,deduping,10,10,10,false,3
22,174218,exact,deduping,10,10,10,false,5
23,182137,exact,deduping,10,10,10,false,3
24,190056,exact,deduping,10,10,10,false,2
25,197975,exact,deduping,10,10,10,false,3
26,205894,exact,deduping,10,10,10,false,3
27,213813,exact,deduping,10,10,10,false,3
28,221732,exact,deduping,10,10,10,false,3
29,229651,exact,deduping,10,10,10,false,2
30,237570,exact,deduping,10,10,10,false,2
31,245489,exact,deduping,10,10,10,false,2
32,253408,exact,deduping,10,10,10,false,3
33,261327,exact,deduping,10,10,10,false,3
34,269246,exact,deduping,10,10,10,false,2
35,277165,exact,deduping,10,10,10,false,2
36,285084,exact,deduping,10,10,10,false,2
37,293003,exact,deduping,10,10,10,false,2
38,300922,exact,deduping,10,10,10,false,2
39,308841,exact,deduping,10,10,10,false,2
40,316760,exact,deduping,10,10,10,false,2
41,324679,exact,deduping,10,10,10,false,2
42,332598,exact,deduping,10,10,10,false,2
43,340517,exact,deduping,10,10,10,false,2
44,348436,exact,deduping,10,10,10,false,2
45,356355,exact,deduping,10,10,10,false,3
46,364274,exact,deduping,10,10,10,false,2
47,372193,exact,deduping,10,10,10,false,2
48,380112,exact,deduping,10,10,10,false,3
49,388031,exact,deduping,10,10,10,false,12
50,0,exact,deduping,50,50,50,false,19
51,7919,exact,deduping,50,50,50,false,16
52,15838,exact,deduping,50,50,50,false,394
53,23757,exact,deduping,50,50,50,false,16
54,31676,exact,deduping,50,50,50,false,17
55,39595,exact,deduping,50,50,50,false,15
56,47514,exact,deduping,50,50,50,false,11
57,55433,exact,deduping,50,50,50,false,10
58,63352,exact,deduping,50,50,50,false,11
59,71271,exact,deduping,50,50,50,false,9
60,79190,exact,deduping,50,50,50,false,10
61,87109,exact,deduping,50,50,50,false,12
62,95028,exact,deduping,50,50,50,false,9
63,102947,exact,deduping,50,50,50,false,10
64,110866,exact,deduping,50,50,50,false,13
65,118785,exact,deduping,50,50,50,false,9
66,126704,exact,deduping,50,50,50,false,9
67,134623,exact,deduping,50,50,50,false,10
68,142542,exact,deduping,50,50,50,false,9
69,150461,exact,deduping,50,50,50,false,9
70,158380,exact,deduping,50,50,50,false,10
71,166299,exact,deduping,50,50,50,false,9
72,174218,exact,deduping,50,50,50,false,8
73,182137,exact,deduping,50,50,50,false,9
74,190056,exact,deduping,50,50,50,false,48
75,197975,exact,deduping,50,50,50,false,10
76,205894,exact,deduping,50,50,50,false,21
77,213813,exact,deduping,50,50,50,false,8
78,221732,exact,deduping,50,50,50,false,7
79,229651,exact,deduping,50,50,50,false,6
80,237570,exact,deduping,50,50,50,false,6
81,245489,exact,deduping,50,50,50,false,6
82,253408,exact,deduping,50,50,50,false,7
83,261327,exact,deduping,50,50,50,false,7
84,269246,exact,deduping,50,50,50,false,6
85,277165,exact,deduping,50,50,50,false,6
86,285084,exact,deduping,50,50,50,false,6
87,293003,exact,deduping,50,50,50,false,6
88,300922,exact,deduping,50,50,50,false,6
89,308841,exact,deduping,50,50,50,false,6
90,316760,exact,deduping,50,50,50,false,7
91,324679,exact,deduping,50,50,50,false,6
92,332598,exact,deduping,50,50,50,false,7
93,340517,exact,deduping,50,50,50,false,6
94,348436,exact,deduping,50,50,50,false,6
95,356355,exact,deduping,50,50,50,false,6
96,364274,exact,deduping,50,50,50,false,6
97,372193,exact,deduping,50,50,50,false,6
98,380112,exact,deduping,50,50,50,false,6
99,388031,exact,deduping,50,50,50,false,7
100,0,exact,deduping,100,96,96,true,36
101,7919,exact,deduping,100,100,100,false,44
102,15838,exact,deduping,100,97,97,true,35
103,23757,exact,deduping,100,95,95,true,40
104,31676,exact,deduping,100,98,98,true,41
105,39595,exact,deduping,100,98,98,true,41
106,47514,exact,deduping,100,92,92,true,34
107,55433,exact,deduping,100,97,97,true,36
108,63352,exact,deduping,100,100,100,false,36
109,71271,exact,deduping,100,96,96,true,39
110,79190,exact,deduping,100,100,100,false,38
111,87109,exact,deduping,100,94,94,true,45
112,95028,exact,deduping,100,94,94,true,22
113,102947,exact,deduping,100,97,97,true,23
114,110866,exact,deduping,100,100,100,false,29
115,118785,exact,deduping,100,96,96,true,24
116,126704,exact,deduping,100,97,97,true,28
117,134623,exact,deduping,100,97,97,true,22
118,142542,exact,deduping,100,99,99,true,30
119,150461,exact,deduping,100,98,98,true,26
120,158380,exact,deduping,100,96,96,true,32
121,166299,exact,deduping,100,92,92,true,22
122,174218,exact,deduping,100,96,96,true,26
123,182137,exact,deduping,100,95,95,true,28
124,190056,exact,deduping,100,98,98,true,32
125,197975,exact,deduping,100,99,99,true,31
126,205894,exact,deduping,100,98,98,true,39
127,213813,exact,deduping,100,94,94,true,41
128,221732,exact,deduping,100,98,98,true,29
129,229651,exact,deduping,100,98,98,true,24
130,237570,exact,deduping,100,99,99,true,36
131,245489,exact,deduping,100,98,98,true,26
132,253408,exact,deduping,100,99,99,true,32
133,261327,exact,deduping,100,98,98,true,43
134,269246,exact,deduping,100,98,98,true,28
135,277165,exact,deduping,100,98,98,true,40
136,285084,exact,deduping,100,99,99,true,29
137,293003,exact,deduping,100,96,96,true,24
138,300922,exact,deduping,100,95,95,true,26
139,308841,exact,deduping,100,99,99,true,35
140,316760,exact,deduping,100,98,98,true,38
141,324679,exact,deduping,100,98,98,true,26
142,332598,exact,deduping,100,99,99,true,34
143,340517,exact,deduping,100,97,97,true,25
144,348436,exact,deduping,100,100,100,false,30
145,356355,exact,deduping,100,99,99,true,33
146,364274,exact,deduping,100,100,100,false,38
147,372193,exact,deduping,100,98,98,true,27
148,380112,exact,deduping,100,98,98,true,27
149,388031,exact,deduping,100,99,99,true,30
150,0,exact,deduping,500,96,96,true,28
151,7919,exact,deduping,500,100,100,true,37
152,15838,exact,deduping,500,97,97,true,32
153,23757,exact,deduping,500,95,95,true,25
154,31676,exact,deduping,500,98,98,true,30
155,39595,exact,deduping,500,98,98,true,37
156,47514,exact,deduping,500,92,92,true,21
157,55433,exact,deduping,500,97,97,true,25
158,63352,exact,deduping,500,100,100,true,28
159,71271,exact,deduping,500,96,96,true,35
160,79190,exact,deduping,500,100,100,true,27
161,87109,exact,deduping,500,94,94,true,22
162,95028,exact,deduping,500,94,94,true,20
163,102947,exact,deduping,500,97,97,true,22
164,110866,exact,deduping,500,100,100,true,30
165,118785,exact,deduping,500,96,96,true,32
166,126704,exact,deduping,500,97,97,true,26
167,134623,exact,deduping,500,97,97,true,20
168,142542,exact,deduping,500,99,99,true,56
169,150461,exact,deduping,500,98,98,true,27
170,158380,exact,deduping,500,96,96,true,29
171,166299,exact,deduping,500,92,92,true,22
172,174218,exact,deduping,500,96,96,true,292
173,182137,exact,deduping,500,95,95,true,23
174,190056,exact,deduping,500,98,98,true,25
175,197975,exact,deduping,500,99,99,true,27
176,205894,exact,deduping,500,98,98,true,29
177,213813,exact,deduping,500,94,94,true,25
178,221732,exact,deduping,500,98,98,true,27
179,229651,exact,deduping,500,98,98,true,23
180,237570,exact,deduping,500,99,99,true,32
181,245489,exact,deduping,500,98,98,true,25
182,253408,exact,deduping,500,99,99,true,29
183,261327,exact,deduping,500,98,98,true,27
184,269246,exact,deduping,500,98,98,true,26
185,277165,exact,deduping,500,98,98,true,25
186,285084,exact,deduping,500,99,99,true,25
187,293003,exact,deduping,500,96,96,true,20
188,300922,exact,deduping,500,95,95,true,20
189,308841,exact,deduping,500,99,99,true,30
190,316760,exact,deduping,500,98,98,true,29
191,324679,exact,deduping,500,98,98,true,31
192,332598,exact,deduping,500,99,99,true,28
193,340517,exact,deduping,500,97,97,true,21
194,348436,exact,deduping,500,100,100,true,26
195,356355,exact,deduping,500,99,99,true,29
196,364274,exact,deduping,500,100,100,true,28
197,372193,exact,deduping,500,98,98,true,22
198,380112,exact,deduping,500,98,98,true,23
199,388031,exact,deduping,500,99,99,true,24
200,0,exact,random,10,10,10,false,41
201,7919,exact,random,10,10,9,false,3
202,15838,exact,random,10,10,10,false,1
203,23757,exact,random,10,10,10,false,1
204,31676,exact,random,10,10,9,false,1
205,39595,exact,random,10,10,10,false,1
206,47514,exact,random,10,10,8,false,1
207,55433,exact,random,10,10,8,false,0
208,63352,exact,random,10,10,10,false,1
209,71271,exact,random,10,10,10,false,1
210,79190,exact,random,10,10,10,false,0
211,87109,exact,random,10,10,9,false,1
212,95028,exact,random,10,10,10,false,0
213,102947,exact,random,10,10,9,false,0
214,110866,exact,random,10,10,10,false,0
215,118785,exact,random,10,10,10,false,0
216,126704,exact,random,10,10,10,false,1
217,134623,exact,random,10,10,10,false,1
218,142542,exact,random,10,10,10,false,1
219,150461,exact,random,10,10,10,false,1
220,158380,exact,random,10,10,9,false,1
221,166299,exact,random,10,10,10,false,1
222,174218,exact,random,10,10,9,false,1
223,182137,exact,random,10,10,10,false,0
224,190056,exact,random,10,10,10,false,1
225,197975,exact,random,10,10,10,false,1
226,205894,exact,random,10,10,10,false,1
227,213813,exact,random,10,10,9,false,1
228,221732,exact,random,10,10,9,false,1
229,229651,exact,random,10,10,10,false,0
230,237570,exact,random,10,10,10,false,0
231,245489,exact,random,10,10,9,false,2
232,253408,exact,random,10,10,9,false,1
233,261327,exact,random,10,10,7,false,1
234,269246,exact,random,10,10,10,false,1
235,277165,exact,random,10,10,10,false,1
236,285084,exact,random,10,10,9,false,1
237,293003,exact,random,10,10,10,false,1
238,300922,exact,random,10,10,10,false,0
239,308841,exact,random,10,10,9,false,0
240,316760,exact,random,10,10,10,false,0
241,324679,exact,random,10,10,10,false,0
242,332598,exact,random,10,10,10,false,0
243,340517,exact,random,10,10,10,false,0
244,348436,exact,random,10,10,10,false,1
245,356355,exact,random,10,10,9,false,1
246,364274,exact,random,10,10,10,false,0
247,372193,exact,random,10,10,10,false,0
248,380112,exact,random,10,10,10,false,0
249,388031,exact,random,10,10,10,false,1
250,0,exact,random,50,50,40,false,5
251,7919,exact,random,50,50,40,false,12
252,15838,exact,random,50,50,39,false,4
253,23757,exact,random,50,50,44,false,4
254,31676,exact,random,50,50,40,false,4
255,39595,exact,random,50,50,35,false,4
256,47514,exact,random,50,50,41,false,4
257,55433,exact,random,50,50,39,false,4
258,63352,exact,random,50,50,36,false,4
259,71271,exact,random,50,50,40,false,4
260,79190,exact,random,50,50,40,false,4
261,87109,exact,random,50,50,38,false,4
262,95028,exact,random,50,50,42,false,4
263,102947,exact,random,50,50,40,false,4
264,110866,exact,random,50,50,38,false,11
265,118785,exact,random,50,50,41,false,4
266,126704,exact,random,50,50,40,false,4
267,134623,exact,random,50,50,40,false,4
268,142542,exact,random,50,50,42,false,4
269,150461,exact,random,50,50,39,false,4
270,158380,exact,random,50,50,38,false,4
271,166299,exact,random,50,50,42,false,4
272,174218,exact,random,50,50,44,false,4
273,182137,exact,random,50,50,39,false,4
274,190056,exact,random,50,50,37,false,5
275,197975,exact,random,50,50,35,false,4
276,205894,exact,random,50,50,35,false,4
277,213813,exact,random,50,50,38,false,4
278,221732,exact,random,50,50,37,false,4
279,229651,exact,random,50,50,39,false,4
280,237570,exact,random,50,50,41,false,4
281,245489,exact,random,50,50,39,false,4
282,253408,exact,random,50,50,39,false,4
283,261327,exact,random,50,50,39,false,5
284,269246,exact,random,50,50,42,false,4
285,277165,exact,random,50,50,39,false,10
286,285084,exact,random,50,50,43,false,2
287,293003,exact,random,50,50,42,false,2
288,300922,exact,random,50,50,42,false,2
289,308841,exact,random,50,50,40,false,2
290,316760,exact,random,50,50,37,false,2
291,324679,exact,random,50,50,38,false,2
292,332598,exact,random,50,50,37,false,2
293,340517,exact,random,50,50,39,false,2
294,348436,exact,random,50,50,43,false,2
295,356355,exact,random,50,50,39,false,2
296,364274,exact,random,50,50,39,false,2
297,372193,exact,random,50,50,38,false,2
298,380112,exact,random,50,50,41,false,2
299,388031,exact,random,50,50,40,false,2
300,0,exact,random,100,100,59,false,4
301,7919,exact,random,100,100,66,false,4
302,15838,exact,random,100,100,64,false,4
303,23757,exact,random,100,100,62,false,4
304,31676,exact,random,100,100,67,false,4
305,39595,exact,random,100,100,60,false,4
306,47514,exact,random,100,100,64,false,4
307,55433,exact,random,100,100,59,false,4
308,63352,exact,random,100,100,61,false,4
309,71271,exact,random,100,100,64,false,4
310,79190,exact,random,100,100,65,false,4
311,87109,exact,random,100,100,64,false,4
312,95028,exact,random,100,100,65,false,5
313,102947,exact,random,100,100,67,false,4
314,110866,exact,random,100,100,65,false,4
315,118785,exact,random,100,100,66,false,4
316,126704,exact,random,100,100,63,false,4
317,134623,exact,random,100,100,64,false,4
318,142542,exact,random,100,100,65,false,4
319,150461,exact,random,100,100,64,false,4
320,158380,exact,random,100,100,63,false,5
321,166299,exact,random,100,100,64,false,23
322,174218,exact,random,100,100,73,false,9
323,182137,exact,random,100,100,59,false,5
324,190056,exact,random,100,100,64,false,5
325,197975,exact,random,100,100,60,false,5
326,205894,exact,random,100,100,63,false,5
327,213813,exact,random,100,100,58,false,5
328,221732,exact,random,100,100,64,false,5
329,229651,exact,random,100,100,65,false,6
330,237570,exact,random,100,100,67,false,6
331,245489,exact,random,100,100,66,false,6
332,253408,exact,random,100,100,59,false,5
333,261327,exact,random,100,100,61,false,6
334,269246,exact,random,100,100,64,false,4
335,277165,exact,random,100,100,61,false,6
336,285084,exact,random,100,100,65,false,6
337,293003,exact,random,100,100,64,false,6
338,300922,exact,random,100,100,65,false,6
339,308841,exact,random,100,100,64,false,14
340,316760,exact,random,100,100,57,false,5
341,324679,exact,random,100,100,63,false,4
342,332598,exact,random,100,100,60,false,62
343,340517,exact,random,100,100,64,false,5
344,348436,exact,random,100,100,63,false,5
345,356355,exact,random,100,100,65,false,5
346,364274,exact,random,100,100,68,false,5
347,372193,exact,random,100,100,66,false,5
348,380112,exact,random,100,100,69,false,6
349,388031,exact,random,100,100,61,false,5
350,0,exact,random,500,500,99,false,24
351,7919,exact,random,500,500,100,false,25
352,15838,exact,random,500,500,100,false,36
353,23757,exact,random,500,500,100,false,25
354,31676,exact,random,500,500,100,false,21
355,39595,exact,random,500,500,100,false,22
356,47514,exact,random,500,500,99,false,31
357,55433,exact,random,500,500,100,false,22
358,63352,exact,random,500,500,100,false,22
359,71271,exact,random,500,500,99,false,24
360,79190,exact,random,500,500,100,false,24
361,87109,exact,random,500,500,99,false,37
362,95028,exact,random,500,500,99,false,22
363,102947,exact,random,500,500,99,false,21
364,110866,exact,random,500,500,100,false,22
365,118785,exact,random,500,500,100,false,26
366,126704,exact,random,500,500,100,false,30
367,134623,exact,random,500,500,99,false,21
368,142542,exact,random,500,500,99,false,21
369,150461,exact,random,500,500,100,false,22
370,158380,exact,random,500,500,98,false,23
371,166299,exact,random,500,500,100,false,29
372,174218,exact,random,500,500,98,false,22
373,182137,exact,random,500,500,98,false,29
374,190056,exact,random,500,500,99,false,26
375,197975,exact,random,500,500,99,false,25
376,205894,exact,random,500,500,98,false,32
377,213813,exact,random,500,500,97,false,22
378,221732,exact,random,500,500,99,false,24
379,229651,exact,random,500,500,99,false,22
380,237570,exact,random,500,500,100,false,22
381,245489,exact,random,500,500,99,false,139
382,253408,exact,random,500,500,99,false,20
383,261327,exact,random,500,500,99,false,19
384,269246,exact,random,500,500,100,false,20
385,277165,exact,random,500,500,100,false,20
386,285084,exact,random,500,500,100,false,19
387,293003,exact,random,500,500,99,false,20
388,300922,exact,random,500,500,100,false,19
389,308841,exact,random,500,500,100,false,19
390,316760,exact,random,500,500,99,false,19
391,324679,exact,random,500,500,99,false,28
392,332598,exact,random,500,500,99,false,19
393,340517,exact,random,500,500,100,false,21
394,348436,exact,random,500,500,100,false,19
395,356355,exact,random,500,500,99,false,20
396,364274,exact,random,500,500,100,false,19
397,372193,exact,random,500,500,100,false,20
398,380112,exact,random,500,500,100,false,21
399,388031,exact,random,500,500,99,false,20
400,0,non_injective,deduping,10,10,10,false,277
401,7919,non_injective,deduping,10,10,10,false,29
402,15838,non_injective,deduping,10,10,10,false,30
403,23757,non_injective,deduping,10,10,10,false,18
404,31676,non_injective,deduping,10,10,10,false,19
405,39595,non_injective,deduping,10,10,10,false,21
406,47514,non_injective,deduping,10,10,10,false,25
407,55433,non_injective,deduping,10,10,10,false,22
408,63352,non_injective,deduping,10,10,10,false,26
409,71271,non_injective,deduping,10,10,10,false,29
410,79190,non_injective,deduping,10,10,10,false,22
411,87109,non_injective,deduping,10,10,10,false,18
412,95028,non_injective,deduping,10,10,10,false,15
413,102947,non_injective,deduping,10,10,10,false,16
414,110866,non_injective,deduping,10,10,10,false,22
415,118785,non_injective,deduping,10,10,10,false,11
416,126704,non_injective,deduping,10,10,10,false,8
417,134623,non_injective,deduping,10,10,10,false,11
418,142542,non_injective,deduping,10,10,10,false,10
419,150461,non_injective,deduping,10,10,10,false,10
420,158380,non_injective,deduping,10,10,10,false,15
421,166299,non_injective,deduping,10,10,10,false,17
422,174218,non_injective,deduping,10,10,10,false,10
423,182137,non_injective,deduping,10,10,10,false,9
424,190056,non_injective,deduping,10,10,10,false,7
425,197975,non_injective,deduping,10,10,10,false,10
426,205894,non_injective,deduping,10,10,10,false,9
427,213813,non_injective,deduping,10,10,10,false,12
428,221732,non_injective,deduping,10,10,10,false,8
429,229651,non_injective,deduping,10,10,10,false,9
430,237570,non_injective,deduping,10,10,10,false,10
431,245489,non_injective,deduping,10,10,10,false,7
432,253408,non_injective,deduping,10,10,10,false,16
433,261327,non_injective,deduping,10,10,10,false,6
434,269246,non_injective,deduping,10,10,10,false,7
435,277165,non_injective,deduping,10,10,10,false,6
436,285084,non_injective,deduping,10,10,10,false,6
437,293003,non_injective,deduping,10,10,10,false,5
438,300922,non_injective,deduping,10,10,10,false,6
439,308841,non_injective,deduping,10,10,10,false,6
440,316760,non_injective,deduping,10,10,10,false,8
441,324679,non_injective,deduping,10,10,10,false,8
442,332598,non_injective,deduping,10,10,10,false,8
443,340517,non_injective,deduping,10,10,10,false,8
444,348436,non_injective,deduping,10,10,10,false,6
445,356355,non_injective,deduping,10,10,10,false,6
446,364274,non_injective,deduping,10,10,10,false,8
447,372193,non_injective,deduping,10,10,10,false,7
448,380112,non_injective,deduping,10,10,10,false,5
449,388031,non_injective,deduping,10,10,10,false,7
450,0,non_injective,deduping,50,10,10,true,12
451,7919,non_injective,deduping,50,10,10,true,16
452,15838,non_injective,deduping,50,10,10,true,12
453,23757,non_injective,deduping,50,10,10,true,14
454,31676,non_injective,deduping,50,10,10,true,12
455,39595,non_injective,deduping,50,10,10,true,24
456,47514,non_injective,deduping,50,10,10,true,9
457,55433,non_injective,deduping,50,10,10,true,8
458,63352,non_injective,deduping,50,10,10,true,8
459,71271,non_injective,deduping,50,10,10,true,9
460,79190,non_injective,deduping,50,10,10,true,8
461,87109,non_injective,deduping,50,10,10,true,8
462,95028,non_injective,deduping,50,10,10,true,10
463,102947,non_injective,deduping,50,10,10,true,7
464,110866,non_injective,deduping,50,10,10,true,8
465,118785,non_injective,deduping,50,10,10,true,7
466,126704,non_injective,deduping,50,10,10,true,7
467,134623,non_injective,deduping,50,10,10,true,7
468,142542,non_injective,deduping,50,10,10,true,8
469,150461,non_injective,deduping,50,10,10,true,8
470,158380,non_injective,deduping,50,10,10,true,12
471,166299,non_injective,deduping,50,10,10,true,12
472,174218,non_injective,deduping,50,10,10,true,7
473,182137,non_injective,deduping,50,10,10,true,8
474,190056,non_injective,deduping,50,10,10,true,7
475,197975,non_injective,deduping,50,10,10,true,8
476,205894,non_injective,deduping,50,10,10,true,10
477,213813,non_injective,deduping,50,10,10,true,9
478,221732,non_injective,deduping,50,10,10,true,7
479,229651,non_injective,deduping,50,10,10,true,7
480,237570,non_injective,deduping,50,10,10,true,7
481,245489,non_injective,deduping,50,10,10,true,7
482,253408,non_injective,deduping,50,10,10,true,7
483,261327,non_injective,deduping,50,10,10,true,7
484,269246,non_injective,deduping,50,10,10,true,8
485,277165,non_injective,deduping,50,10,10,true,7
486,285084,non_injective,deduping,50,10,10,true,8
487,293003,non_injective,deduping,50,10,10,true,7
488,300922,non_injective,deduping,50,10,10,true,7
489,308841,non_injective,deduping,50,10,10,true,8
490,316760,non_injective,deduping,50,10,10,true,11
491,324679,non_injective,deduping,50,10,10,true,8
492,332598,non_injective,deduping,50,10,10,true,12
493,340517,non_injective,deduping,50,10,10,true,8
494,348436,non_injective,deduping,50,10,10,true,10
495,356355,non_injective,deduping,50,10,10,true,7
496,364274,non_injective,deduping,50,10,10,true,10
497,372193,non_injective,deduping,50,10,10,true,8
498,380112,non_injective,deduping,50,10,10,true,7
499,388031,non_injective,deduping,50,10,10,true,7
500,0,non_injective,deduping,100,10,10,true,10
501,7919,non_injective,deduping,100,10,10,true,7
502,15838,non_injective,deduping,100,10,10,true,8
503,23757,non_injective,deduping,100,10,10,true,7
504,31676,non_injective,deduping,100,10,10,true,8
505,39595,non_injective,deduping,100,10,10,true,8
506,47514,non_injective,deduping,100,10,10,true,8
507,55433,non_injective,deduping,100,10,10,true,7
508,63352,non_injective,deduping,100,10,10,true,8
509,71271,non_injective,deduping,100,10,10,true,21
510,79190,non_injective,deduping,100,10,10,true,27
511,87109,non_injective,deduping,100,10,10,true,7
512,95028,non_injective,deduping,100,10,10,true,6
513,102947,non_injective,deduping,100,10,10,true,5
514,110866,non_injective,deduping,100,10,10,true,5
515,118785,non_injective,deduping,100,10,10,true,5
516,126704,non_injective,deduping,100,10,10,true,5
517,134623,non_injective,deduping,100,10,10,true,5
518,142542,non_injective,deduping,100,10,10,true,11
519,150461,non_injective,deduping,100,10,10,true,6
520,158380,non_injective,deduping,100,10,10,true,6
521,166299,non_injective,deduping,100,10,10,true,6
522,174218,non_injective,deduping,100,10,10,true,5
523,182137,non_injective,deduping,100,10,10,true,6
524,190056,non_injective,deduping,100,10,10,true,5
525,197975,non_injective,deduping,100,10,10,true,10
526,205894,non_injective,deduping,100,10,10,true,6
527,213813,non_injective,deduping,100,10,10,true,7
528,221732,non_injective,deduping,100,10,10,true,7
529,229651,non_injective,deduping,100,10,10,true,6
530,237570,non_injective,deduping,100,10,10,true,5
531,245489,non_injective,deduping,100,10,10,true,6
532,253408,non_injective,deduping,100,10,10,true,6
533,261327,non_injective,deduping,100,10,10,true,9
534,269246,non_injective,deduping,100,10,10,true,6
535,277165,non_injective,deduping,100,10,10,true,6
536,285084,non_injective,deduping,100,10,10,true,6
537,293003,non_injective,deduping,100,10,10,true,7
538,300922,non_injective,deduping,100,10,10,true,6
539,308841,non_injective,deduping,100,10,10,true,6
540,316760,non_injective,deduping,100,10,10,true,7
541,324679,non_injective,deduping,100,10,10,true,7
542,332598,non_injective,deduping,100,10,10,true,7
543,340517,non_injective,deduping,100,10,10,true,11
544,348436,non_injective,deduping,100,10,10,true,6
545,356355,non_injective,deduping,100,10,10,true,6
546,364274,non_injective,deduping,100,10,10,true,10
547,372193,non_injective,deduping,100,10,10,true,6
548,380112,non_injective,deduping,100,10,10,true,6
549,388031,non_injective,deduping,100,10,10,true,6
550,0,non_injective,deduping,500,10,10,true,6
551,7919,non_injective,deduping,500,10,10,true,5
552,15838,non_injective,deduping,500,10,10,true,9
553,23757,non_injective,deduping,500,10,10,true,6
554,31676,non_injective,deduping,500,10,10,true,6
555,39595,non_injective,deduping,500,10,10,true,10
556,47514,non_injective,deduping,500,10,10,true,7
557,55433,non_injective,deduping,500,10,10,true,6
558,63352,non_injective,deduping,500,10,10,true,6
559,71271,non_injective,deduping,500,10,10,true,7
560,79190,non_injective,deduping,500,10,10,true,7
561,87109,non_injective,deduping,500,10,10,true,6
562,95028,non_injective,deduping,500,10,10,true,9
563,102947,non_injective,deduping,500,10,10,true,5
564,110866,non_injective,deduping,500,10,10,true,5
565,118785,non_injective,deduping,500,10,10,true,5
566,126704,non_injective,deduping,500,10,10,true,5
567,134623,non_injective,deduping,500,10,10,true,5
568,142542,non_injective,deduping,500,10,10,true,6
569,150461,non_injective,deduping,500,10,10,true,11
570,158380,non_injective,deduping,500,10,10,true,9
571,166299,non_injective,deduping,500,10,10,true,7
572,174218,non_injective,deduping,500,10,10,true,5
573,182137,non_injective,deduping,500,10,10,true,6
574,190056,non_injective,deduping,500,10,10,true,6
575,197975,non_injective,deduping,500,10,10,true,6
576,205894,non_injective,deduping,500,10,10,true,9
577,213813,non_injective,deduping,500,10,10,true,7
578,221732,non_injective,deduping,500,10,10,true,5
579,229651,non_injective,deduping,500,10,10,true,9
580,237570,non_injective,deduping,500,10,10,true,5
581,245489,non_injective,deduping,500,10,10,true,5
582,253408,non_injective,deduping,500,10,10,true,5
583,261327,non_injective,deduping,500,10,10,true,5
584,269246,non_injective,deduping,500,10,10,true,6
585,277165,non_injective,deduping,500,10,10,true,5
586,285084,non_injective,deduping,500,10,10,true,6
587,293003,non_injective,deduping,500,10,10,true,5
588,300922,non_injective,deduping,500,10,10,true,5
589,308841,non_injective,deduping,500,10,10,true,6
590,316760,non_injective,deduping,500,10,10,true,7
591,324679,non_injective,deduping,500,10,10,true,7
592,332598,non_injective,deduping,500,10,10,true,10
593,340517,non_injective,deduping,500,10,10,true,7
594,348436,non_injective,deduping,500,10,10,true,6
595,356355,non_injective,deduping,500,10,10,true,5
596,364274,non_injective,deduping,500,10,10,true,7
597,372193,non_injective,deduping,500,10,10,true,6
598,380112,non_injective,deduping,500,10,10,true,5
599,388031,non_injective,deduping,500,10,10,true,6
600,0,non_injective,random,10,10,7,false,10
601,7919,non_injective,random,10,10,7,false,2
602,15838,non_injective,random,10,10,6,false,2
603,23757,non_injective,random,10,10,6,false,2
604,31676,non_injective,random,10,10,6,false,2
605,39595,non_injective,random,10,10,7,false,2
606,47514,non_injective,random,10,10,6,false,2
607,55433,non_injective,random,10,10,5,false,2
608,63352,non_injective,random,10,10,6,false,2
609,71271,non_injective,random,10,10,7,false,2
610,79190,non_injective,random,10,10,7,false,2
611,87109,non_injective,random,10,10,5,false,2
612,95028,non_injective,random,10,10,8,false,2
613,102947,non_injective,random,10,10,6,false,2
614,110866,non_injective,random,10,10,5,false,2
615,118785,non_injective,random,10,10,6,false,2
616,126704,non_injective,random,10,10,6,false,2
617,134623,non_injective,random,10,10,7,false,2
618,142542,non_injective,random,10,10,6,false,2
619,150461,non_injective,random,10,10,8,false,2
620,158380,non_injective,random,10,10,7,false,132
621,166299,non_injective,random,10,10,6,false,3
622,174218,non_injective,random,10,10,6,false,2
623,182137,non_injective,random,10,10,7,false,2
624,190056,non_injective,random,10,10,7,false,2
625,197975,non_injective,random,10,10,6,false,2
626,205894,non_injective,random,10,10,7,false,2
627,213813,non_injective,random,10,10,6,false,2
628,221732,non_injective,random,10,10,7,false,2
629,229651,non_injective,random,10,10,6,false,2
630,237570,non_injective,random,10,10,7,false,2
631,245489,non_injective,random,10,10,6,false,2
632,253408,non_injective,random,10,10,5,false,2
633,261327,non_injective,random,10,10,7,false,2
634,269246,non_injective,random,10,10,7,false,2
635,277165,non_injective,random,10,10,6,false,2
636,285084,non_injective,random,10,10,7,false,2
637,293003,non_injective,random,10,10,7,false,2
638,300922,non_injective,random,10,10,6,false,2
639,308841,non_injective,random,10,10,6,false,2
640,316760,non_injective,random,10,10,6,false,2
641,324679,non_injective,random,10,10,6,false,2
642,332598,non_injective,random,10,10,6,false,2
643,340517,non_injective,random,10,10,6,false,2
644,348436,non_injective,random,10,10,7,false,3
645,356355,non_injective,random,10,10,5,false,2
646,364274,non_injective,random,10,10,6,false,2
647,372193,non_injective,random,10,10,8,false,2
648,380112,non_injective,random,10,10,6,false,2
649,388031,non_injective,random,10,10,6,false,2
650,0,non_injective,random,50,50,10,false,5
651,7919,non_injective,random,50,50,10,false,11
652,15838,non_injective,random,50,50,10,false,5
653,23757,non_injective,random,50,50,10,false,5
654,31676,non_injective,random,50,50,10,false,5
655,39595,non_injective,random,50,50,10,false,5
656,47514,non_injective,random,50,50,10,false,5
657,55433,non_injective,random,50,50,10,false,5
658,63352,non_injective,random,50,50,10,false,5
659,71271,non_injective,random,50,50,10,false,5
660,79190,non_injective,random,50,50,10,false,5
661,87109,non_injective,random,50,50,10,false,5
662,95028,non_injective,random,50,50,10,false,5
663,102947,non_injective,random,50,50,10,false,5
664,110866,non_injective,random,50,50,10,false,5
665,118785,non_injective,random,50,50,10,false,5
666,126704,non_injective,random,50,50,10,false,5
667,134623,non_injective,random,50,50,10,false,5
668,142542,non_injective,random,50,50,10,false,5
669,150461,non_injective,random,50,50,10,false,5
670,158380,non_injective,random,50,50,10,false,5
671,166299,non_injective,random,50,50,10,false,5
672,174218,non_injective,random,50,50,10,false,5
673,182137,non_injective,random,50,50,10,false,5
674,190056,non_injective,random,50,50,10,false,5
675,197975,non_injective,random,50,50,10,false,5
676,205894,non_injective,random,50,50,10,false,10
677,213813,non_injective,random,50,50,10,false,4
678,221732,non_injective,random,50,50,10,false,4
679,229651,non_injective,random,50,50,10,false,4
680,237570,non_injective,random,50,50,10,false,4
681,245489,non_injective,random,50,50,10,false,4
682,253408,non_injective,random,50,50,10,false,4
683,261327,non_injective,random,50,50,10,false,4
684,269246,non_injective,random,50,50,10,false,4
685,277165,non_injective,random,50,50,10,false,4
686,285084,non_injective,random,50,50,10,false,4
687,293003,non_injective,random,50,50,10,false,4
688,300922,non_injective,random,50,50,10,false,4
689,308841,non_injective,random,50,50,10,false,4
690,316760,non_injective,random,50,50,9,false,4
691,324679,non_injective,random,50,50,10,false,4
692,332598,non_injective,random,50,50,9,false,4
693,340517,non_injective,random,50,50,10,false,4
694,348436,non_injective,random,50,50,10,false,4
695,356355,non_injective,random,50,50,10,false,4
696,364274,non_injective,random,50,50,10,false,4
697,372193,non_injective,random,50,50,10,false,4
698,380112,non_injective,random,50,50,10,false,4
699,388031,non_injective,random,50,50,10,false,4
700,0,non_injective,random,100,100,10,false,7
701,7919,non_injective,random,100,100,10,false,7
702,15838,non_injective,random,100,100,10,false,7
703,23757,non_injective,random,100,100,10,false,7
704,31676,non_injective,random,100,100,10,false,6
705,39595,non_injective,random,100,100,10,false,7
706,47514,non_injective,random,100,100,10,false,14
707,55433,non_injective,random,100,100,10,false,7
708,63352,non_injective,random,100,100,10,false,7
709,71271,non_injective,random,100,100,10,false,7
710,79190,non_injective,random,100,100,10,false,6
711,87109,non_injective,random,100,100,10,false,7
712,95028,non_injective,random,100,100,10,false,6
713,102947,non_injective,random,100,100,10,false,7
714,110866,non_injective,random,100,100,10,false,7
715,118785,non_injective,random,100,100,10,false,6
716,126704,non_injective,random,100,100,10,false,7
717,134623,non_injective,random,100,100,10,false,7
718,142542,non_injective,random,100,100,10,false,7
719,150461,non_injective,random,100,100,10,false,6
720,158380,non_injective,random,100,100,10,false,7
721,166299,non_injective,random,100,100,10,false,7
722,174218,non_injective,random,100,100,10,false,7
723,182137,non_injective,random,100,100,10,false,7
724,190056,non_injective,random,100,100,10,false,7
725,197975,non_injective,random,100,100,10,false,7
726,205894,non_injective,random,100,100,10,false,6
727,213813,non_injective,random,100,100,10,false,7
728,221732,non_injective,random,100,100,10,false,7
729,229651,non_injective,random,100,100,10,false,7
730,237570,non_injective,random,100,100,10,false,7
731,245489,non_injective,random,100,100,10,false,7
732,253408,non_injective,random,100,100,10,false,6
733,261327,non_injective,random,100,100,10,false,6
734,269246,non_injective,random,100,100,10,false,7
735,277165,non_injective,random,100,100,10,false,7
736,285084,non_injective,random,100,100,10,false,7
737,293003,non_injective,random,100,100,10,false,7
738,300922,non_injective,random,100,100,10,false,6
739,308841,non_injective,random,100,100,10,false,7
740,316760,non_injective,random,100,100,10,false,7
741,324679,non_injective,random,100,100,10,false,7
742,332598,non_injective,random,100,100,10,false,7
743,340517,non_injective,random,100,100,10,false,7
744,348436,non_injective,random,100,100,10,false,7
745,356355,non_injective,random,100,100,10,false,7
746,364274,non_injective,random,100,100,10,false,8
747,372193,non_injective,random,100,100,10,false,7
748,380112,non_injective,random,100,100,10,false,7
749,388031,non_injective,random,100,100,10,false,7
750,0,non_injective,random,500,500,10,false,30
751,7919,non_injective,random,500,500,10,false,30
752,15838,non_injective,random,500,500,10,false,28
753,23757,non_injective,random,500,500,10,false,32
754,31676,non_injective,random,500,500,10,false,32
755,39595,non_injective,random,500,500,10,false,28
756,47514,non_injective,random,500,500,10,false,31
757,55433,non_injective,random,500,500,10,false,30
758,63352,non_injective,random,500,500,10,false,29
759,71271,non_injective,random,500,500,10,false,33
760,79190,non_injective,random,500,500,10,false,21
761,87109,non_injective,random,500,500,10,false,20
762,95028,non_injective,random,500,500,10,false,20
763,102947,non_injective,random,500,500,10,false,20
764,110866,non_injective,random,500,500,10,false,20
765,118785,non_injective,random,500,500,10,false,20
766,126704,non_injective,random,500,500,10,false,19
767,134623,non_injective,random,500,500,10,false,20
768,142542,non_injective,random,500,500,10,false,21
769,150461,non_injective,random,500,500,10,false,21
770,158380,non_injective,random,500,500,10,false,20
771,166299,non_injective,random,500,500,10,false,20
772,174218,non_injective,random,500,500,10,false,24
773,182137,non_injective,random,500,500,10,false,20
774,190056,non_injective,random,500,500,10,false,20
775,197975,non_injective,random,500,500,10,false,20
776,205894,non_injective,random,500,500,10,false,20
777,213813,non_injective,random,500,500,10,false,20
778,221732,non_injective,random,500,500,10,false,20
779,229651,non_injective,random,500,500,10,false,20
780,237570,non_injective,random,500,500,10,false,20
781,245489,non_injective,random,500,500,10,false,20
782,253408,non_injective,random,500,500,10,false,24
783,261327,non_injective,random,500,500,10,false,20
784,269246,non_injective,random,500,500,10,false,20
785,277165,non_injective,random,500,500,10,false,20
786,285084,non_injective,random,500,500,10,false,21
787,293003,non_injective,random,500,500,10,false,131
788,300922,non_injective,random,500,500,10,false,20
789,308841,non_injective,random,500,500,10,false,21
790,316760,non_injective,random,500,500,10,false,29
791,324679,non_injective,random,500,500,10,false,29
792,332598,non_injective,random,500,500,10,false,21
793,340517,non_injective,random,500,500,10,false,20
794,348436,non_injective,random,500,500,10,false,21
795,356355,non_injective,random,500,500,10,false,22
796,364274,non_injective,random,500,500,10,false,23
797,372193,non_injective,random,500,500,10,false,21
798,380112,non_injective,random,500,500,10,false,20
799,388031,non_injective,random,500,500,10,false,24
800,0,filtered,deduping,10,10,10,false,1191
801,7919,filtered,deduping,10,10,10,false,416
802,15838,filtered,deduping,10,10,10,false,350
803,23757,filtered,deduping,10,10,10,false,245
804,31676,filtered,deduping,10,10,10,false,173
805,39595,filtered,deduping,10,10,10,false,493
806,47514,filtered,deduping,10,10,10,false,142
807,55433,filtered,deduping,10,10,10,false,195
808,63352,filtered,deduping,10,10,10,false,154
809,71271,filtered,deduping,10,10,10,false,129
810,79190,filtered,deduping,10,10,10,false,160
811,87109,filtered,deduping,10,10,10,false,279
812,95028,filtered,deduping,10,10,10,false,122
813,102947,filtered,deduping,10,10,10,false,284
814,110866,filtered,deduping,10,10,10,false,258
815,118785,filtered,deduping,10,10,10,false,113
816,126704,filtered,deduping,10,10,10,false,172
817,134623,filtered,deduping,10,10,10,false,224
818,142542,filtered,deduping,10,10,10,false,326
819,150461,filtered,deduping,10,10,10,false,88
820,158380,filtered,deduping,10,10,10,false,152
821,166299,filtered,deduping,10,10,10,false,194
822,174218,filtered,deduping,10,10,10,false,112
823,182137,filtered,deduping,10,10,10,false,113
824,190056,filtered,deduping,10,10,10,false,376
825,197975,filtered,deduping,10,10,10,false,378
826,205894,filtered,deduping,10,10,10,false,149
827,213813,filtered,deduping,10,10,10,false,532
828,221732,filtered,deduping,10,10,10,false,121
829,229651,filtered,deduping,10,10,10,false,163
830,237570,filtered,deduping,10,10,10,false,255
831,245489,filtered,deduping,10,10,10,false,121
832,253408,filtered,deduping,10,10,10,false,110
833,261327,filtered,deduping,10,10,10,false,139
834,269246,filtered,deduping,10,10,10,false,241
835,277165,filtered,deduping,10,10,10,false,213
836,285084,filtered,deduping,10,10,10,false,174
837,293003,filtered,deduping,10,10,10,false,147
838,300922,filtered,deduping,10,10,10,false,137
839,308841,filtered,deduping,10,10,10,false,230
840,316760,filtered,deduping,10,10,10,false,192
841,324679,filtered,deduping,10,10,10,false,192
842,332598,filtered,deduping,10,10,10,false,253
843,340517,filtered,deduping,10,10,10,false,382
844,348436,filtered,deduping,10,10,10,false,162
845,356355,filtered,deduping,10,10,10,false,192
846,364274,filtered,deduping,10,10,10,false,230
847,372193,filtered,deduping,10,10,10,false,295
848,380112,filtered,deduping,10,10,10,false,133
849,388031,filtered,deduping,10,10,10,false,117
850,0,filtered,deduping,50,10,10,true,427
851,7919,filtered,deduping,50,10,10,true,551
852,15838,filtered,deduping,50,10,10,true,416
853,23757,filtered,deduping,50,10,10,true,461
854,31676,filtered,deduping,50,10,10,true,589
855,39595,filtered,deduping,50,10,10,true,532
856,47514,filtered,deduping,50,10,10,true,375
857,55433,filtered,deduping,50,10,10,true,480
858,63352,filtered,deduping,50,10,10,true,413
859,71271,filtered,deduping,50,10,10,true,419
860,79190,filtered,deduping,50,10,10,true,476
861,87109,filtered,deduping,50,10,10,true,623
862,95028,filtered,deduping,50,10,10,true,456
863,102947,filtered,deduping,50,10,10,true,563
864,110866,filtered,deduping,50,10,10,true,531
865,118785,filtered,deduping,50,10,10,true,461
866,126704,filtered,deduping,50,10,10,true,460
867,134623,filtered,deduping,50,10,10,true,445
868,142542,filtered,deduping,50,10,10,true,434
869,150461,filtered,deduping,50,10,10,true,440
870,158380,filtered,deduping,50,10,10,true,477
871,166299,filtered,deduping,50,10,10,true,539
872,174218,filtered,deduping,50,10,10,true,378
873,182137,filtered,deduping,50,10,10,true,330
874,190056,filtered,deduping,50,10,10,true,608
875,197975,filtered,deduping,50,10,10,true,637
876,205894,filtered,deduping,50,10,10,true,533
877,213813,filtered,deduping,50,10,10,true,886
878,221732,filtered,deduping,50,10,10,true,377
879,229651,filtered,deduping,50,10,10,true,432
880,237570,filtered,deduping,50,10,10,true,520
881,245489,filtered,deduping,50,10,10,true,379
882,253408,filtered,deduping,50,10,10,true,394
883,261327,filtered,deduping,50,10,10,true,559
884,269246,filtered,deduping,50,10,10,true,525
885,277165,filtered,deduping,50,10,10,true,445
886,285084,filtered,deduping,50,10,10,true,415
887,293003,filtered,deduping,50,10,10,true,393
888,300922,filtered,deduping,50,10,10,true,485
889,308841,filtered,deduping,50,10,10,true,520
890,316760,filtered,deduping,50,10,10,true,438
891,324679,filtered,deduping,50,10,10,true,644
892,332598,filtered,deduping,50,10,10,true,534
893,340517,filtered,deduping,50,10,10,true,578
894,348436,filtered,deduping,50,10,10,true,434
895,356355,filtered,deduping,50,10,10,true,561
896,364274,filtered,deduping,50,10,10,true,506
897,372193,filtered,deduping,50,10,10,true,565
898,380112,filtered,deduping,50,10,10,true,471
899,388031,filtered,deduping,50,10,10,true,343
900,0,filtered,deduping,100,10,10,true,414
901,7919,filtered,deduping,100,10,10,true,536
902,15838,filtered,deduping,100,10,10,true,417
903,23757,filtered,deduping,100,10,10,true,464
904,31676,filtered,deduping,100,10,10,true,467
905,39595,filtered,deduping,100,10,10,true,528
906,47514,filtered,deduping,100,10,10,true,479
907,55433,filtered,deduping,100,10,10,true,474
908,63352,filtered,deduping,100,10,10,true,400
909,71271,filtered,deduping,100,10,10,true,430
910,79190,filtered,deduping,100,10,10,true,501
911,87109,filtered,deduping,100,10,10,true,519
912,95028,filtered,deduping,100,10,10,true,441
913,102947,filtered,deduping,100,10,10,true,547
914,110866,filtered,deduping,100,10,10,true,598
915,118785,filtered,deduping,100,10,10,true,425
916,126704,filtered,deduping,100,10,10,true,457
917,134623,filtered,deduping,100,10,10,true,433
918,142542,filtered,deduping,100,10,10,true,429
919,150461,filtered,deduping,100,10,10,true,354
920,158380,filtered,deduping,100,10,10,true,477
921,166299,filtered,deduping,100,10,10,true,524
922,174218,filtered,deduping,100,10,10,true,435
923,182137,filtered,deduping,100,10,10,true,325
924,190056,filtered,deduping,100,10,10,true,648
925,197975,filtered,deduping,100,10,10,true,641
926,205894,filtered,deduping,100,10,10,true,467
927,213813,filtered,deduping,100,10,10,true,812
928,221732,filtered,deduping,100,10,10,true,474
929,229651,filtered,deduping,100,10,10,true,431
930,237570,filtered,deduping,100,10,10,true,502
931,245489,filtered,deduping,100,10,10,true,383
932,253408,filtered,deduping,100,10,10,true,379
933,261327,filtered,deduping,100,10,10,true,507
934,269246,filtered,deduping,100,10,10,true,524
935,277165,filtered,deduping,100,10,10,true,458
936,285084,filtered,deduping,100,10,10,true,496
937,293003,filtered,deduping,100,10,10,true,399
938,300922,filtered,deduping,100,10,10,true,487
939,308841,filtered,deduping,100,10,10,true,522
940,316760,filtered,deduping,100,10,10,true,453
941,324679,filtered,deduping,100,10,10,true,631
942,332598,filtered,deduping,100,10,10,true,491
943,340517,filtered,deduping,100,10,10,true,546
944,348436,filtered,deduping,100,10,10,true,507
945,356355,filtered,deduping,100,10,10,true,553
946,364274,filtered,deduping,100,10,10,true,520
947,372193,filtered,deduping,100,10,10,true,576
948,380112,filtered,deduping,100,10,10,true,405
949,388031,filtered,deduping,100,10,10,true,363
950,0,filtered,deduping,500,10,10,true,417
951,7919,filtered,deduping,500,10,10,true,583
952,15838,filtered,deduping,500,10,10,true,388
953,23757,filtered,deduping,500,10,10,true,440
954,31676,filtered,deduping,500,10,10,true,441
955,39595,filtered,deduping,500,10,10,true,513
956,47514,filtered,deduping,500,10,10,true,359
957,55433,filtered,deduping,500,10,10,true,480
958,63352,filtered,deduping,500,10,10,true,386
959,71271,filtered,deduping,500,10,10,true,484
960,79190,filtered,deduping,500,10,10,true,476
961,87109,filtered,deduping,500,10,10,true,495
962,95028,filtered,deduping,500,10,10,true,432
963,102947,filtered,deduping,500,10,10,true,557
964,110866,filtered,deduping,500,10,10,true,539
965,118785,filtered,deduping,500,10,10,true,434
966,126704,filtered,deduping,500,10,10,true,455
967,134623,filtered,deduping,500,10,10,true,520
968,142542,filtered,deduping,500,10,10,true,458
969,150461,filtered,deduping,500,10,10,true,347
970,158380,filtered,deduping,500,10,10,true,478
971,166299,filtered,deduping,500,10,10,true,601
972,174218,filtered,deduping,500,10,10,true,378
973,182137,filtered,deduping,500,10,10,true,325
974,190056,filtered,deduping,500,10,10,true,601
975,197975,filtered,deduping,500,10,10,true,714
976,205894,filtered,deduping,500,10,10,true,448
977,213813,filtered,deduping,500,10,10,true,794
978,221732,filtered,deduping,500,10,10,true,366
979,229651,filtered,deduping,500,10,10,true,425
980,237570,filtered,deduping,500,10,10,true,493
981,245489,filtered,deduping,500,10,10,true,362
982,253408,filtered,deduping,500,10,10,true,420
983,261327,filtered,deduping,500,10,10,true,458
984,269246,filtered,deduping,500,10,10,true,511
985,277165,filtered,deduping,500,10,10,true,438
986,285084,filtered,deduping,500,10,10,true,407
987,293003,filtered,deduping,500,10,10,true,383
988,300922,filtered,deduping,500,10,10,true,480
989,308841,filtered,deduping,500,10,10,true,645
990,316760,filtered,deduping,500,10,10,true,440
991,324679,filtered,deduping,500,10,10,true,552
992,332598,filtered,deduping,500,10,10,true,697
993,340517,filtered,deduping,500,10,10,true,690
994,348436,filtered,deduping,500,10,10,true,433
995,356355,filtered,deduping,500,10,10,true,532
996,364274,filtered,deduping,500,10,10,true,507
997,372193,filtered,deduping,500,10,10,true,664
998,380112,filtered,deduping,500,10,10,true,391
999,388031,filtered,deduping,500,10,10,true,355
1000,0,filtered,random,10,10,5,false,88
1001,7919,filtered,random,10,10,6,false,75
1002,15838,filtered,random,10,10,8,false,51
1003,23757,filtered,random,10,10,7,false,90
1004,31676,filtered,random,10,10,7,false,105
1005,39595,filtered,random,10,10,5,false,123
1006,47514,filtered,random,10,10,9,false,87
1007,55433,filtered,random,10,10,6,false,53
1008,63352,filtered,random,10,10,7,false,49
1009,71271,filtered,random,10,10,7,false,41
1010,79190,filtered,random,10,10,7,false,39
1011,87109,filtered,random,10,10,6,false,71
1012,95028,filtered,random,10,10,7,false,69
1013,102947,filtered,random,10,10,7,false,71
1014,110866,filtered,random,10,10,6,false,84
1015,118785,filtered,random,10,10,7,false,69
1016,126704,filtered,random,10,10,6,false,79
1017,134623,filtered,random,10,10,6,false,80
1018,142542,filtered,random,10,10,4,false,63
1019,150461,filtered,random,10,10,7,false,61
1020,158380,filtered,random,10,10,6,false,58
1021,166299,filtered,random,10,10,7,false,70
1022,174218,filtered,random,10,10,8,false,57
1023,182137,filtered,random,10,10,5,false,62
1024,190056,filtered,random,10,10,6,false,61
1025,197975,filtered,random,10,10,6,false,68
1026,205894,filtered,random,10,10,7,false,86
1027,213813,filtered,random,10,10,7,false,101
1028,221732,filtered,random,10,10,7,false,61
1029,229651,filtered,random,10,10,8,false,151
1030,237570,filtered,random,10,10,6,false,65
1031,245489,filtered,random,10,10,7,false,72
1032,253408,filtered,random,10,10,5,false,44
1033,261327,filtered,random,10,10,6,false,86
1034,269246,filtered,random,10,10,7,false,79
1035,277165,filtered,random,10,10,6,false,62
1036,285084,filtered,random,10,10,6,false,59
1037,293003,filtered,random,10,10,7,false,88
1038,300922,filtered,random,10,10,7,false,63
1039,308841,filtered,random,10,10,7,false,67
1040,316760,filtered,random,10,10,4,false,57
1041,324679,filtered,random,10,10,6,false,69
1042,332598,filtered,random,10,10,5,false,65
1043,340517,filtered,random,10,10,6,false,47
1044,348436,filtered,random,10,10,7,false,91
1045,356355,filtered,random,10,10,6,false,59
1046,364274,filtered,random,10,10,7,false,71
1047,372193,filtered,random,10,10,7,false,92
1048,380112,filtered,random,10,10,7,false,69
1049,388031,filtered,random,10,10,7,false,58
1050,0,filtered,random,50,50,10,false,289
1051,7919,filtered,random,50,50,10,false,386
1052,15838,filtered,random,50,50,10,false,344
1053,23757,filtered,random,50,50,10,false,346
1054,31676,filtered,random,50,50,10,false,400
1055,39595,filtered,random,50,50,10,false,508
1056,47514,filtered,random,50,50,10,false,295
1057,55433,filtered,random,50,50,10,false,335
1058,63352,filtered,random,50,50,10,false,321
1059,71271,filtered,random,50,50,10,false,308
1060,79190,filtered,random,50,50,10,false,292
1061,87109,filtered,random,50,50,10,false,290
1062,95028,filtered,random,50,50,10,false,268
1063,102947,filtered,random,50,50,10,false,299
1064,110866,filtered,random,50,50,10,false,323
1065,118785,filtered,random,50,50,10,false,296
1066,126704,filtered,random,50,50,10,false,328
1067,134623,filtered,random,50,50,10,false,385
1068,142542,filtered,random,50,50,10,false,246
1069,150461,filtered,random,50,50,10,false,251
1070,158380,filtered,random,50,50,10,false,335
1071,166299,filtered,random,50,50,10,false,267
1072,174218,filtered,random,50,50,10,false,284
1073,182137,filtered,random,50,50,10,false,245
1074,190056,filtered,random,50,50,9,false,316
1075,197975,filtered,random,50,50,9,false,306
1076,205894,filtered,random,50,50,10,false,299
1077,213813,filtered,random,50,50,9,false,303
1078,221732,filtered,random,50,50,10,false,222
1079,229651,filtered,random,50,50,10,false,321
1080,237570,filtered,random,50,50,10,false,339
1081,245489,filtered,random,50,50,10,false,221
1082,253408,filtered,random,50,50,10,false,200
1083,261327,filtered,random,50,50,10,false,333
1084,269246,filtered,random,50,50,10,false,398
1085,277165,filtered,random,50,50,10,false,268
1086,285084,filtered,random,50,50,10,false,273
1087,293003,filtered,random,50,50,10,false,261
1088,300922,filtered,random,50,50,10,false,366
1089,308841,filtered,random,50,50,10,false,293
1090,316760,filtered,random,50,50,10,false,291
1091,324679,filtered,random,50,50,10,false,452
1092,332598,filtered,random,50,50,10,false,297
1093,340517,filtered,random,50,50,10,false,328
1094,348436,filtered,random,50,50,10,false,278
1095,356355,filtered,random,50,50,10,false,277
1096,364274,filtered,random,50,50,10,false,369
1097,372193,filtered,random,50,50,10,false,401
1098,380112,filtered,random,50,50,10,false,262
1099,388031,filtered,random,50,50,10,false,255
1100,0,filtered,random,100,100,10,false,598
1101,7919,filtered,random,100,100,10,false,789
1102,15838,filtered,random,100,100,10,false,561
1103,23757,filtered,random,100,100,10,false,632
1104,31676,filtered,random,100,100,10,false,642
1105,39595,filtered,random,100,100,10,false,578
1106,47514,filtered,random,100,100,10,false,535
1107,55433,filtered,random,100,100,10,false,659
1108,63352,filtered,random,100,100,10,false,649
1109,71271,filtered,random,100,100,10,false,570
1110,79190,filtered,random,100,100,10,false,707
1111,87109,filtered,random,100,100,10,false,544
1112,95028,filtered,random,100,100,10,false,617
1113,102947,filtered,random,100,100,10,false,665
1114,110866,filtered,random,100,100,10,false,623
1115,118785,filtered,random,100,100,10,false,629
1116,126704,filtered,random,100,100,10,false,577
1117,134623,filtered,random,100,100,10,false,531
1118,142542,filtered,random,100,100,10,false,437
1119,150461,filtered,random,100,100,10,false,715
1120,158380,filtered,random,100,100,10,false,609
1121,166299,filtered,random,100,100,10,false,590
1122,174218,filtered,random,100,100,10,false,575
1123,182137,filtered,random,100,100,10,false,462
1124,190056,filtered,random,100,100,10,false,573
1125,197975,filtered,random,100,100,10,false,807
1126,205894,filtered,random,100,100,10,false,668
1127,213813,filtered,random,100,100,10,false,674
1128,221732,filtered,random,100,100,10,false,541
1129,229651,filtered,random,100,100,10,false,542
1130,237570,filtered,random,100,100,10,false,639
1131,245489,filtered,random,100,100,10,false,585
1132,253408,filtered,random,100,100,10,false,501
1133,261327,filtered,random,100,100,10,false,618
1134,269246,filtered,random,100,100,10,false,643
1135,277165,filtered,random,100,100,10,false,499
1136,285084,filtered,random,100,100,10,false,571
1137,293003,filtered,random,100,100,10,false,731
1138,300922,filtered,random,100,100,10,false,713
1139,308841,filtered,random,100,100,10,false,618
1140,316760,filtered,random,100,100,10,false,550
1141,324679,filtered,random,100,100,10,false,649
1142,332598,filtered,random,100,100,10,false,605
1143,340517,filtered,random,100,100,10,false,644
1144,348436,filtered,random,100,100,10,false,553
1145,356355,filtered,random,100,100,10,false,563
1146,364274,filtered,random,100,100,10,false,608
1147,372193,filtered,random,100,100,10,false,682
1148,380112,filtered,random,100,100,10,false,542
1149,388031,filtered,random,100,100,10,false,458
1150,0,filtered,random,500,500,10,false,3850
1151,7919,filtered,random,500,500,10,false,3971
1152,15838,filtered,random,500,500,10,false,3873
1153,23757,filtered,random,500,500,10,false,3469
1154,31676,filtered,random,500,500,10,false,3746
1155,39595,filtered,random,500,500,10,false,3758
1156,47514,filtered,random,500,500,10,false,3550
1157,55433,filtered,random,500,500,10,false,3849
1158,63352,filtered,random,500,500,10,false,3556
1159,71271,filtered,random,500,500,10,false,3572
1160,79190,filtered,random,500,500,10,false,3754
1161,87109,filtered,random,500,500,10,false,3291
1162,95028,filtered,random,500,500,10,false,3574
1163,102947,filtered,random,500,500,10,false,3540
1164,110866,filtered,random,500,500,10,false,3488
1165,118785,filtered,random,500,500,10,false,3630
1166,126704,filtered,random,500,500,10,false,3526
1167,134623,filtered,random,500,500,10,false,3259
1168,142542,filtered,random,500,500,10,false,3637
1169,150461,filtered,random,500,500,10,false,3947
1170,158380,filtered,random,500,500,10,false,3571
1171,166299,filtered,random,500,500,10,false,3608
1172,174218,filtered,random,500,500,10,false,3578
1173,182137,filtered,random,500,500,10,false,3419
1174,190056,filtered,random,500,500,10,false,3686
1175,197975,filtered,random,500,500,10,false,3740
1176,205894,filtered,random,500,500,10,false,3845
1177,213813,filtered,random,500,500,10,false,3599
1178,221732,filtered,random,500,500,10,false,3400
1179,229651,filtered,random,500,500,10,false,3465
1180,237570,filtered,random,500,500,10,false,3608
1181,245489,filtered,random,500,500,10,false,3366
1182,253408,filtered,random,500,500,10,false,3409
1183,261327,filtered,random,500,500,10,false,3616
1184,269246,filtered,random,500,500,10,false,3236
1185,277165,filtered,random,500,500,10,false,3814
1186,285084,filtered,random,500,500,10,false,3653
1187,293003,filtered,random,500,500,10,false,3545
1188,300922,filtered,random,500,500,10,false,4098
1189,308841,filtered,random,500,500,10,false,3767
1190,316760,filtered,random,500,500,10,false,3866
1191,324679,filtered,random,500,500,10,false,4078
1192,332598,filtered,random,500,500,10,false,3523
1193,340517,filtered,random,500,500,10,false,3871
1194,348436,filtered,random,500,500,10,false,3568
1195,356355,filtered,random,500,500,10,false,3503
1196,364274,filtered,random,500,500,10,false,3815
1197,372193,filtered,random,500,500,10,false,3955
1198,380112,filtered,random,500,500,10,false,3318
1199,388031,filtered,random,500,500,10,false,3544
