trial_id,seed,scenario,approach,witness_density,sample_size,witness_found,tests_run,elapsed_micros,witness_value,shrink_candidates_tested,shrink_improvements_made
0,0,sparse,first_class,0.0001,100,false,100,2054,,0,0
0,0,sparse,double_negation,0.0001,100,false,100,642,,0,0
1,7919,sparse,first_class,0.0001,100,false,100,362,,0,0
1,7919,sparse,double_negation,0.0001,100,false,100,656,,0,0
2,15838,sparse,first_class,0.0001,100,false,100,344,,0,0
2,15838,sparse,double_negation,0.0001,100,false,100,332,,0,0
3,23757,sparse,first_class,0.0001,100,false,100,232,,0,0
3,23757,sparse,double_negation,0.0001,100,false,100,196,,0,0
4,31676,sparse,first_class,0.0001,100,false,100,210,,0,0
4,31676,sparse,double_negation,0.0001,100,false,100,285,,0,0
5,39595,sparse,first_class,0.0001,100,false,100,231,,0,0
5,39595,sparse,double_negation,0.0001,100,false,100,203,,0,0
6,47514,sparse,first_class,0.0001,100,false,100,180,,0,0
6,47514,sparse,double_negation,0.0001,100,false,100,164,,0,0
7,55433,sparse,first_class,0.0001,100,false,100,209,,0,0
7,55433,sparse,double_negation,0.0001,100,false,100,148,,0,0
8,63352,sparse,first_class,0.0001,100,false,100,161,,0,0
8,63352,sparse,double_negation,0.0001,100,false,100,523,,0,0
9,71271,sparse,first_class,0.0001,100,false,100,162,,0,0
9,71271,sparse,double_negation,0.0001,100,false,100,143,,0,0
10,79190,sparse,first_class,0.0001,100,false,100,128,,0,0
10,79190,sparse,double_negation,0.0001,100,false,100,119,,0,0
11,87109,sparse,first_class,0.0001,100,false,100,115,,0,0
11,87109,sparse,double_negation,0.0001,100,false,100,108,,0,0
12,95028,sparse,first_class,0.0001,100,false,100,105,,0,0
12,95028,sparse,double_negation,0.0001,100,false,100,204,,0,0
13,102947,sparse,first_class,0.0001,100,false,100,138,,0,0
13,102947,sparse,double_negation,0.0001,100,false,100,139,,0,0
14,110866,sparse,first_class,0.0001,100,false,100,131,,0,0
14,110866,sparse,double_negation,0.0001,100,false,100,134,,0,0
15,118785,sparse,first_class,0.0001,100,false,100,127,,0,0
15,118785,sparse,double_negation,0.0001,100,false,100,141,,0,0
16,126704,sparse,first_class,0.0001,100,false,100,133,,0,0
16,126704,sparse,double_negation,0.0001,100,false,100,247,,0,0
17,134623,sparse,first_class,0.0001,100,false,100,112,,0,0
17,134623,sparse,double_negation,0.0001,100,false,100,109,,0,0
18,142542,sparse,first_class,0.0001,100,false,100,107,,0,0
18,142542,sparse,double_negation,0.0001,100,false,100,111,,0,0
19,150461,sparse,first_class,0.0001,100,false,100,110,,0,0
19,150461,sparse,double_negation,0.0001,100,false,100,119,,0,0
20,158380,sparse,first_class,0.0001,100,false,100,159,,0,0
20,158380,sparse,double_negation,0.0001,100,false,100,112,,0,0
21,166299,sparse,first_class,0.0001,100,false,100,129,,0,0
21,166299,sparse,double_negation,0.0001,100,false,100,110,,0,0
22,174218,sparse,first_class,0.0001,100,false,100,112,,0,0
22,174218,sparse,double_negation,0.0001,100,false,100,147,,0,0
23,182137,sparse,first_class,0.0001,100,false,100,118,,0,0
23,182137,sparse,double_negation,0.0001,100,false,100,131,,0,0
24,190056,sparse,first_class,0.0001,100,false,100,137,,0,0
24,190056,sparse,double_negation,0.0001,100,false,100,277,,0,0
25,197975,sparse,first_class,0.0001,200,false,200,228,,0,0
25,197975,sparse,double_negation,0.0001,200,false,200,231,,0,0
26,205894,sparse,first_class,0.0001,200,false,200,235,,0,0
26,205894,sparse,double_negation,0.0001,200,false,200,212,,0,0
27,213813,sparse,first_class,0.0001,200,false,200,195,,0,0
27,213813,sparse,double_negation,0.0001,200,false,200,193,,0,0
28,221732,sparse,first_class,0.0001,200,false,200,191,,0,0
28,221732,sparse,double_negation,0.0001,200,false,200,193,,0,0
29,229651,sparse,first_class,0.0001,200,false,200,299,,0,0
29,229651,sparse,double_negation,0.0001,200,false,200,193,,0,0
30,237570,sparse,first_class,0.0001,200,false,200,191,,0,0
30,237570,sparse,double_negation,0.0001,200,false,200,192,,0,0
31,245489,sparse,first_class,0.0001,200,false,200,191,,0,0
31,245489,sparse,double_negation,0.0001,200,false,200,193,,0,0
32,253408,sparse,first_class,0.0001,200,false,200,191,,0,0
32,253408,sparse,double_negation,0.0001,200,false,200,211,,0,0
33,261327,sparse,first_class,0.0001,200,false,200,189,,0,0
33,261327,sparse,double_negation,0.0001,200,false,200,300,,0,0
34,269246,sparse,first_class,0.0001,200,false,200,188,,0,0
34,269246,sparse,double_negation,0.0001,200,false,200,216,,0,0
35,277165,sparse,first_class,0.0001,200,false,200,180,,0,0
35,277165,sparse,double_negation,0.0001,200,false,200,191,,0,0
36,285084,sparse,first_class,0.0001,200,false,200,187,,0,0
36,285084,sparse,double_negation,0.0001,200,false,200,180,,0,0
37,293003,sparse,first_class,0.0001,200,false,200,184,,0,0
37,293003,sparse,double_negation,0.0001,200,false,200,255,,0,0
38,300922,sparse,first_class,0.0001,200,false,200,184,,0,0
38,300922,sparse,double_negation,0.0001,200,false,200,180,,0,0
39,308841,sparse,first_class,0.0001,200,false,200,179,,0,0
39,308841,sparse,double_negation,0.0001,200,false,200,181,,0,0
40,316760,sparse,first_class,0.0001,200,false,200,178,,0,0
40,316760,sparse,double_negation,0.0001,200,false,200,186,,0,0
41,324679,sparse,first_class,0.0001,200,false,200,180,,0,0
41,324679,sparse,double_negation,0.0001,200,false,200,190,,0,0
42,332598,sparse,first_class,0.0001,200,false,200,275,,0,0
42,332598,sparse,double_negation,0.0001,200,false,200,195,,0,0
43,340517,sparse,first_class,0.0001,200,false,200,177,,0,0
43,340517,sparse,double_negation,0.0001,200,false,200,179,,0,0
44,348436,sparse,first_class,0.0001,200,false,200,201,,0,0
44,348436,sparse,double_negation,0.0001,200,false,200,171,,0,0
45,356355,sparse,first_class,0.0001,200,false,200,170,,0,0
45,356355,sparse,double_negation,0.0001,200,false,200,171,,0,0
46,364274,sparse,first_class,0.0001,200,false,200,172,,0,0
46,364274,sparse,double_negation,0.0001,200,false,200,170,,0,0
47,372193,sparse,first_class,0.0001,200,false,200,241,,0,0
47,372193,sparse,double_negation,0.0001,200,false,200,171,,0,0
48,380112,sparse,first_class,0.0001,200,false,200,170,,0,0
48,380112,sparse,double_negation,0.0001,200,false,200,171,,0,0
49,388031,sparse,first_class,0.0001,200,false,200,173,,0,0
49,388031,sparse,double_negation,0.0001,200,false,200,178,,0,0
50,395950,sparse,first_class,0.0001,500,false,500,419,,0,0
50,395950,sparse,double_negation,0.0001,500,false,500,496,,0,0
51,403869,sparse,first_class,0.0001,500,true,402,524,880000,0,0
51,403869,sparse,double_negation,0.0001,500,true,402,615,880000,0,0
52,411788,sparse,first_class,0.0001,500,false,500,475,,0,0
52,411788,sparse,double_negation,0.0001,500,false,500,551,,0,0
53,419707,sparse,first_class,0.0001,500,false,500,468,,0,0
53,419707,sparse,double_negation,0.0001,500,false,500,424,,0,0
54,427626,sparse,first_class,0.0001,500,false,500,419,,0,0
54,427626,sparse,double_negation,0.0001,500,false,500,479,,0,0
55,435545,sparse,first_class,0.0001,500,false,500,391,,0,0
55,435545,sparse,double_negation,0.0001,500,false,500,434,,0,0
56,443464,sparse,first_class,0.0001,500,true,19,58,370000,0,0
56,443464,sparse,double_negation,0.0001,500,true,19,56,370000,0,0
57,451383,sparse,first_class,0.0001,500,false,500,425,,0,0
57,451383,sparse,double_negation,0.0001,500,false,500,600,,0,0
58,459302,sparse,first_class,0.0001,500,false,500,553,,0,0
58,459302,sparse,double_negation,0.0001,500,false,500,550,,0,0
59,467221,sparse,first_class,0.0001,500,false,500,620,,0,0
59,467221,sparse,double_negation,0.0001,500,false,500,399,,0,0
60,475140,sparse,first_class,0.0001,500,false,500,400,,0,0
60,475140,sparse,double_negation,0.0001,500,false,500,384,,0,0
61,483059,sparse,first_class,0.0001,500,false,500,445,,0,0
61,483059,sparse,double_negation,0.0001,500,false,500,380,,0,0
62,490978,sparse,first_class,0.0001,500,false,500,386,,0,0
62,490978,sparse,double_negation,0.0001,500,false,500,383,,0,0
63,498897,sparse,first_class,0.0001,500,false,500,494,,0,0
63,498897,sparse,double_negation,0.0001,500,false,500,396,,0,0
64,506816,sparse,first_class,0.0001,500,false,500,375,,0,0
64,506816,sparse,double_negation,0.0001,500,false,500,386,,0,0
65,514735,sparse,first_class,0.0001,500,false,500,451,,0,0
65,514735,sparse,double_negation,0.0001,500,false,500,400,,0,0
66,522654,sparse,first_class,0.0001,500,false,500,383,,0,0
66,522654,sparse,double_negation,0.0001,500,false,500,373,,0,0
67,530573,sparse,first_class,0.0001,500,false,500,443,,0,0
67,530573,sparse,double_negation,0.0001,500,false,500,371,,0,0
68,538492,sparse,first_class,0.0001,500,false,500,440,,0,0
68,538492,sparse,double_negation,0.0001,500,false,500,388,,0,0
69,546411,sparse,first_class,0.0001,500,false,500,511,,0,0
69,546411,sparse,double_negation,0.0001,500,false,500,374,,0,0
70,554330,sparse,first_class,0.0001,500,false,500,367,,0,0
70,554330,sparse,double_negation,0.0001,500,false,500,365,,0,0
71,562249,sparse,first_class,0.0001,500,true,73,95,430000,0,0
71,562249,sparse,double_negation,0.0001,500,true,73,90,430000,0,0
72,570168,sparse,first_class,0.0001,500,false,500,562,,0,0
72,570168,sparse,double_negation,0.0001,500,false,500,448,,0,0
73,578087,sparse,first_class,0.0001,500,false,500,397,,0,0
73,578087,sparse,double_negation,0.0001,500,false,500,367,,0,0
74,586006,sparse,first_class,0.0001,500,false,500,504,,0,0
74,586006,sparse,double_negation,0.0001,500,false,500,378,,0,0
75,593925,rare,first_class,0.01,100,false,100,144,,0,0
75,593925,rare,double_negation,0.01,100,false,100,96,,0,0
76,601844,rare,first_class,0.01,100,true,19,57,152200,0,0
76,601844,rare,double_negation,0.01,100,true,19,43,152200,0,0
77,609763,rare,first_class,0.01,100,true,46,53,476300,0,0
77,609763,rare,double_negation,0.01,100,true,46,62,476300,0,0
78,617682,rare,first_class,0.01,100,true,56,69,317400,0,0
78,617682,rare,double_negation,0.01,100,true,56,80,317400,0,0
79,625601,rare,first_class,0.01,100,false,100,95,,0,0
79,625601,rare,double_negation,0.01,100,false,100,87,,0,0
80,633520,rare,first_class,0.01,100,false,100,91,,0,0
80,633520,rare,double_negation,0.01,100,false,100,97,,0,0
81,641439,rare,first_class,0.01,100,true,64,85,73600,0,0
81,641439,rare,double_negation,0.01,100,true,64,68,73600,0,0
82,649358,rare,first_class,0.01,100,false,100,87,,0,0
82,649358,rare,double_negation,0.01,100,false,100,89,,0,0
83,657277,rare,first_class,0.01,100,false,100,111,,0,0
83,657277,rare,double_negation,0.01,100,false,100,84,,0,0
84,665196,rare,first_class,0.01,100,false,100,182,,0,0
84,665196,rare,double_negation,0.01,100,false,100,100,,0,0
85,673115,rare,first_class,0.01,100,true,43,47,208300,0,0
85,673115,rare,double_negation,0.01,100,true,43,60,208300,0,0
86,681034,rare,first_class,0.01,100,false,100,97,,0,0
86,681034,rare,double_negation,0.01,100,false,100,83,,0,0
87,688953,rare,first_class,0.01,100,true,84,75,777200,0,0
87,688953,rare,double_negation,0.01,100,true,84,89,777200,0,0
88,696872,rare,first_class,0.01,100,false,100,90,,0,0
88,696872,rare,double_negation,0.01,100,false,100,81,,0,0
89,704791,rare,first_class,0.01,100,true,80,85,695200,0,0
89,704791,rare,double_negation,0.01,100,true,80,112,695200,0,0
90,712710,rare,first_class,0.01,100,true,74,110,645000,0,0
90,712710,rare,double_negation,0.01,100,true,74,78,645000,0,0
91,720629,rare,first_class,0.01,100,true,2,19,37300,0,0
91,720629,rare,double_negation,0.01,100,true,2,19,37300,0,0
92,728548,rare,first_class,0.01,100,true,61,66,982600,0,0
92,728548,rare,double_negation,0.01,100,true,61,114,982600,0,0
93,736467,rare,first_class,0.01,100,true,64,96,755200,0,0
93,736467,rare,double_negation,0.01,100,true,64,68,755200,0,0
94,744386,rare,first_class,0.01,100,true,15,28,819400,0,0
94,744386,rare,double_negation,0.01,100,true,15,28,819400,0,0
95,752305,rare,first_class,0.01,100,true,16,26,579100,0,0
95,752305,rare,double_negation,0.01,100,true,16,34,579100,0,0
96,760224,rare,first_class,0.01,100,true,19,30,115600,0,0
96,760224,rare,double_negation,0.01,100,true,19,29,115600,0,0
97,768143,rare,first_class,0.01,100,true,39,41,362300,0,0
97,768143,rare,double_negation,0.01,100,true,39,42,362300,0,0
98,776062,rare,first_class,0.01,100,false,100,87,,0,0
98,776062,rare,double_negation,0.01,100,false,100,82,,0,0
99,783981,rare,first_class,0.01,100,true,16,177,229300,0,0
99,783981,rare,double_negation,0.01,100,true,16,47,229300,0,0
100,791900,rare,first_class,0.01,200,true,51,59,364900,0,0
100,791900,rare,double_negation,0.01,200,true,51,56,364900,0,0
101,799819,rare,first_class,0.01,200,true,31,39,521100,0,0
101,799819,rare,double_negation,0.01,200,true,31,40,521100,0,0
102,807738,rare,first_class,0.01,200,true,48,49,250200,0,0
102,807738,rare,double_negation,0.01,200,true,48,50,250200,0,0
103,815657,rare,first_class,0.01,200,true,32,39,318500,0,0
103,815657,rare,double_negation,0.01,200,true,32,40,318500,0,0
104,823576,rare,first_class,0.01,200,false,200,158,,0,0
104,823576,rare,double_negation,0.01,200,false,200,191,,0,0
105,831495,rare,first_class,0.01,200,true,57,57,926300,0,0
105,831495,rare,double_negation,0.01,200,true,57,60,926300,0,0
106,839414,rare,first_class,0.01,200,true,11,25,505500,0,0
106,839414,rare,double_negation,0.01,200,true,11,35,505500,0,0
107,847333,rare,first_class,0.01,200,true,72,68,932900,0,0
107,847333,rare,double_negation,0.01,200,true,72,66,932900,0,0
108,855252,rare,first_class,0.01,200,true,39,43,565500,0,0
108,855252,rare,double_negation,0.01,200,true,39,43,565500,0,0
109,863171,rare,first_class,0.01,200,true,165,131,748600,0,0
109,863171,rare,double_negation,0.01,200,true,165,133,748600,0,0
110,871090,rare,first_class,0.01,200,true,90,78,858400,0,0
110,871090,rare,double_negation,0.01,200,true,90,78,858400,0,0
111,879009,rare,first_class,0.01,200,true,37,41,68900,0,0
111,879009,rare,double_negation,0.01,200,true,37,42,68900,0,0
112,886928,rare,first_class,0.01,200,true,6,122,389000,0,0
112,886928,rare,double_negation,0.01,200,true,6,23,389000,0,0
113,894847,rare,first_class,0.01,200,true,98,83,361400,0,0
113,894847,rare,double_negation,0.01,200,true,98,90,361400,0,0
114,902766,rare,first_class,0.01,200,true,65,97,164600,0,0
114,902766,rare,double_negation,0.01,200,true,65,64,164600,0,0
115,910685,rare,first_class,0.01,200,false,200,156,,0,0
115,910685,rare,double_negation,0.01,200,false,200,156,,0,0
116,918604,rare,first_class,0.01,200,true,98,86,413800,0,0
116,918604,rare,double_negation,0.01,200,true,98,86,413800,0,0
117,926523,rare,first_class,0.01,200,true,79,72,146600,0,0
117,926523,rare,double_negation,0.01,200,true,79,73,146600,0,0
118,934442,rare,first_class,0.01,200,true,31,41,446900,0,0
118,934442,rare,double_negation,0.01,200,true,31,42,446900,0,0
119,942361,rare,first_class,0.01,200,true,181,144,774900,0,0
119,942361,rare,double_negation,0.01,200,true,181,152,774900,0,0
120,950280,rare,first_class,0.01,200,true,32,39,130100,0,0
120,950280,rare,double_negation,0.01,200,true,32,40,130100,0,0
121,958199,rare,first_class,0.01,200,true,16,28,274300,0,0
121,958199,rare,double_negation,0.01,200,true,16,29,274300,0,0
122,966118,rare,first_class,0.01,200,false,200,167,,0,0
122,966118,rare,double_negation,0.01,200,false,200,288,,0,0
123,974037,rare,first_class,0.01,200,true,114,105,640700,0,0
123,974037,rare,double_negation,0.01,200,true,114,119,640700,0,0
124,981956,rare,first_class,0.01,200,true,150,126,639800,0,0
124,981956,rare,double_negation,0.01,200,true,150,123,639800,0,0
125,989875,rare,first_class,0.01,500,true,187,154,701800,0,0
125,989875,rare,double_negation,0.01,500,true,187,155,701800,0,0
126,997794,rare,first_class,0.01,500,true,14,34,85100,0,0
126,997794,rare,double_negation,0.01,500,true,14,34,85100,0,0
127,1005713,rare,first_class,0.01,500,true,206,234,881200,0,0
127,1005713,rare,double_negation,0.01,500,true,206,268,881200,0,0
128,1013632,rare,first_class,0.01,500,true,27,45,890300,0,0
128,1013632,rare,double_negation,0.01,500,true,27,48,890300,0,0
129,1021551,rare,first_class,0.01,500,true,186,160,678200,0,0
129,1021551,rare,double_negation,0.01,500,true,186,298,678200,0,0
130,1029470,rare,first_class,0.01,500,true,45,50,23900,0,0
130,1029470,rare,double_negation,0.01,500,true,45,51,23900,0,0
131,1037389,rare,first_class,0.01,500,true,25,39,194400,0,0
131,1037389,rare,double_negation,0.01,500,true,25,39,194400,0,0
132,1045308,rare,first_class,0.01,500,true,228,181,579000,0,0
132,1045308,rare,double_negation,0.01,500,true,228,177,579000,0,0
133,1053227,rare,first_class,0.01,500,true,435,316,338300,0,0
133,1053227,rare,double_negation,0.01,500,true,435,317,338300,0,0
134,1061146,rare,first_class,0.01,500,true,70,66,940200,0,0
134,1061146,rare,double_negation,0.01,500,true,70,80,940200,0,0
135,1069065,rare,first_class,0.01,500,true,225,390,345500,0,0
135,1069065,rare,double_negation,0.01,500,true,225,233,345500,0,0
136,1076984,rare,first_class,0.01,500,true,95,98,141700,0,0
136,1076984,rare,double_negation,0.01,500,true,95,89,141700,0,0
137,1084903,rare,first_class,0.01,500,true,1,20,62600,0,0
137,1084903,rare,double_negation,0.01,500,true,1,20,62600,0,0
138,1092822,rare,first_class,0.01,500,true,217,220,110200,0,0
138,1092822,rare,double_negation,0.01,500,true,217,191,110200,0,0
139,1100741,rare,first_class,0.01,500,true,35,45,529800,0,0
139,1100741,rare,double_negation,0.01,500,true,35,43,529800,0,0
140,1108660,rare,first_class,0.01,500,true,54,58,791600,0,0
140,1108660,rare,double_negation,0.01,500,true,54,57,791600,0,0
141,1116579,rare,first_class,0.01,500,true,83,76,558500,0,0
141,1116579,rare,double_negation,0.01,500,true,83,77,558500,0,0
142,1124498,rare,first_class,0.01,500,true,165,146,720500,0,0
142,1124498,rare,double_negation,0.01,500,true,165,134,720500,0,0
143,1132417,rare,first_class,0.01,500,true,201,323,505900,0,0
143,1132417,rare,double_negation,0.01,500,true,201,167,505900,0,0
144,1140336,rare,first_class,0.01,500,true,44,48,88700,0,0
144,1140336,rare,double_negation,0.01,500,true,44,48,88700,0,0
145,1148255,rare,first_class,0.01,500,true,37,47,462400,0,0
145,1148255,rare,double_negation,0.01,500,true,37,45,462400,0,0
146,1156174,rare,first_class,0.01,500,true,187,157,337100,0,0
146,1156174,rare,double_negation,0.01,500,true,187,151,337100,0,0
147,1164093,rare,first_class,0.01,500,true,96,92,529200,0,0
147,1164093,rare,double_negation,0.01,500,true,96,90,529200,0,0
148,1172012,rare,first_class,0.01,500,true,195,169,871400,0,0
148,1172012,rare,double_negation,0.01,500,true,195,159,871400,0,0
149,1179931,rare,first_class,0.01,500,true,71,69,673700,0,0
149,1179931,rare,double_negation,0.01,500,true,71,66,673700,0,0
150,1187850,moderate,first_class,0.1,100,true,18,65,57300,0,0
150,1187850,moderate,double_negation,0.1,100,true,18,30,57300,0,0
151,1195769,moderate,first_class,0.1,100,true,4,16,356590,0,0
151,1195769,moderate,double_negation,0.1,100,true,4,16,356590,0,0
152,1203688,moderate,first_class,0.1,100,true,2,17,417200,0,0
152,1203688,moderate,double_negation,0.1,100,true,2,19,417200,0,0
153,1211607,moderate,first_class,0.1,100,true,14,101,759760,0,0
153,1211607,moderate,double_negation,0.1,100,true,14,26,759760,0,0
154,1219526,moderate,first_class,0.1,100,true,55,51,518470,0,0
154,1219526,moderate,double_negation,0.1,100,true,55,51,518470,0,0
155,1227445,moderate,first_class,0.1,100,true,3,15,597570,0,0
155,1227445,moderate,double_negation,0.1,100,true,3,15,597570,0,0
156,1235364,moderate,first_class,0.1,100,true,11,20,167030,0,0
156,1235364,moderate,double_negation,0.1,100,true,11,20,167030,0,0
157,1243283,moderate,first_class,0.1,100,true,4,16,136760,0,0
157,1243283,moderate,double_negation,0.1,100,true,4,15,136760,0,0
158,1251202,moderate,first_class,0.1,100,true,9,18,299170,0,0
158,1251202,moderate,double_negation,0.1,100,true,9,19,299170,0,0
159,1259121,moderate,first_class,0.1,100,true,1,13,920100,0,0
159,1259121,moderate,double_negation,0.1,100,true,1,13,920100,0,0
160,1267040,moderate,first_class,0.1,100,true,2,17,730330,0,0
160,1267040,moderate,double_negation,0.1,100,true,2,15,730330,0,0
161,1274959,moderate,first_class,0.1,100,true,6,17,189480,0,0
161,1274959,moderate,double_negation,0.1,100,true,6,19,189480,0,0
162,1282878,moderate,first_class,0.1,100,true,1,14,961080,0,0
162,1282878,moderate,double_negation,0.1,100,true,1,14,961080,0,0
163,1290797,moderate,first_class,0.1,100,true,9,19,312760,0,0
163,1290797,moderate,double_negation,0.1,100,true,9,25,312760,0,0
164,1298716,moderate,first_class,0.1,100,true,4,16,594870,0,0
164,1298716,moderate,double_negation,0.1,100,true,4,16,594870,0,0
165,1306635,moderate,first_class,0.1,100,true,9,19,193000,0,0
165,1306635,moderate,double_negation,0.1,100,true,9,19,193000,0,0
166,1314554,moderate,first_class,0.1,100,true,24,28,718940,0,0
166,1314554,moderate,double_negation,0.1,100,true,24,30,718940,0,0
167,1322473,moderate,first_class,0.1,100,true,6,16,653130,0,0
167,1322473,moderate,double_negation,0.1,100,true,6,17,653130,0,0
168,1330392,moderate,first_class,0.1,100,true,29,32,859910,0,0
168,1330392,moderate,double_negation,0.1,100,true,29,42,859910,0,0
169,1338311,moderate,first_class,0.1,100,true,1,14,463580,0,0
169,1338311,moderate,double_negation,0.1,100,true,1,23,463580,0,0
170,1346230,moderate,first_class,0.1,100,true,17,26,667650,0,0
170,1346230,moderate,double_negation,0.1,100,true,17,31,667650,0,0
171,1354149,moderate,first_class,0.1,100,true,7,18,846700,0,0
171,1354149,moderate,double_negation,0.1,100,true,7,18,846700,0,0
172,1362068,moderate,first_class,0.1,100,true,18,24,300910,0,0
172,1362068,moderate,double_negation,0.1,100,true,18,25,300910,0,0
173,1369987,moderate,first_class,0.1,100,true,13,21,476340,0,0
173,1369987,moderate,double_negation,0.1,100,true,13,22,476340,0,0
174,1377906,moderate,first_class,0.1,100,true,1,13,614220,0,0
174,1377906,moderate,double_negation,0.1,100,true,1,14,614220,0,0
175,1385825,moderate,first_class,0.1,200,true,5,17,727210,0,0
175,1385825,moderate,double_negation,0.1,200,true,5,17,727210,0,0
176,1393744,moderate,first_class,0.1,200,true,34,37,281210,0,0
176,1393744,moderate,double_negation,0.1,200,true,34,37,281210,0,0
177,1401663,moderate,first_class,0.1,200,true,1,15,653930,0,0
177,1401663,moderate,double_negation,0.1,200,true,1,15,653930,0,0
178,1409582,moderate,first_class,0.1,200,true,3,16,42800,0,0
178,1409582,moderate,double_negation,0.1,200,true,3,20,42800,0,0
179,1417501,moderate,first_class,0.1,200,true,2,16,394050,0,0
179,1417501,moderate,double_negation,0.1,200,true,2,21,394050,0,0
180,1425420,moderate,first_class,0.1,200,true,4,17,57440,0,0
180,1425420,moderate,double_negation,0.1,200,true,4,17,57440,0,0
181,1433339,moderate,first_class,0.1,200,true,11,22,197860,0,0
181,1433339,moderate,double_negation,0.1,200,true,11,22,197860,0,0
182,1441258,moderate,first_class,0.1,200,true,20,28,675890,0,0
182,1441258,moderate,double_negation,0.1,200,true,20,36,675890,0,0
183,1449177,moderate,first_class,0.1,200,true,19,28,455170,0,0
183,1449177,moderate,double_negation,0.1,200,true,19,28,455170,0,0
184,1457096,moderate,first_class,0.1,200,true,5,17,401730,0,0
184,1457096,moderate,double_negation,0.1,200,true,5,17,401730,0,0
185,1465015,moderate,first_class,0.1,200,true,1,15,117840,0,0
185,1465015,moderate,double_negation,0.1,200,true,1,14,117840,0,0
186,1472934,moderate,first_class,0.1,200,true,1,14,44690,0,0
186,1472934,moderate,double_negation,0.1,200,true,1,14,44690,0,0
187,1480853,moderate,first_class,0.1,200,true,35,37,361750,0,0
187,1480853,moderate,double_negation,0.1,200,true,35,38,361750,0,0
188,1488772,moderate,first_class,0.1,200,true,1,14,225030,0,0
188,1488772,moderate,double_negation,0.1,200,true,1,14,225030,0,0
189,1496691,moderate,first_class,0.1,200,true,17,25,529930,0,0
189,1496691,moderate,double_negation,0.1,200,true,17,26,529930,0,0
190,1504610,moderate,first_class,0.1,200,true,2,15,959650,0,0
190,1504610,moderate,double_negation,0.1,200,true,2,15,959650,0,0
191,1512529,moderate,first_class,0.1,200,true,22,28,423120,0,0
191,1512529,moderate,double_negation,0.1,200,true,22,29,423120,0,0
192,1520448,moderate,first_class,0.1,200,true,1,93,338670,0,0
192,1520448,moderate,double_negation,0.1,200,true,1,15,338670,0,0
193,1528367,moderate,first_class,0.1,200,true,1,14,343570,0,0
193,1528367,moderate,double_negation,0.1,200,true,1,17,343570,0,0
194,1536286,moderate,first_class,0.1,200,true,7,18,624240,0,0
194,1536286,moderate,double_negation,0.1,200,true,7,19,624240,0,0
195,1544205,moderate,first_class,0.1,200,true,11,21,121710,0,0
195,1544205,moderate,double_negation,0.1,200,true,11,21,121710,0,0
196,1552124,moderate,first_class,0.1,200,true,5,17,246100,0,0
196,1552124,moderate,double_negation,0.1,200,true,5,17,246100,0,0
197,1560043,moderate,first_class,0.1,200,true,14,23,282360,0,0
197,1560043,moderate,double_negation,0.1,200,true,14,23,282360,0,0
198,1567962,moderate,first_class,0.1,200,true,7,18,817560,0,0
198,1567962,moderate,double_negation,0.1,200,true,7,21,817560,0,0
199,1575881,moderate,first_class,0.1,200,true,10,22,473800,0,0
199,1575881,moderate,double_negation,0.1,200,true,10,21,473800,0,0
200,1583800,moderate,first_class,0.1,500,true,2,22,641270,0,0
200,1583800,moderate,double_negation,0.1,500,true,2,20,641270,0,0
201,1591719,moderate,first_class,0.1,500,true,2,19,205570,0,0
201,1591719,moderate,double_negation,0.1,500,true,2,19,205570,0,0
202,1599638,moderate,first_class,0.1,500,true,2,18,599280,0,0
202,1599638,moderate,double_negation,0.1,500,true,2,19,599280,0,0
203,1607557,moderate,first_class,0.1,500,true,6,23,43400,0,0
203,1607557,moderate,double_negation,0.1,500,true,6,21,43400,0,0
204,1615476,moderate,first_class,0.1,500,true,25,34,55690,0,0
204,1615476,moderate,double_negation,0.1,500,true,25,39,55690,0,0
205,1623395,moderate,first_class,0.1,500,true,46,191,924850,0,0
205,1623395,moderate,double_negation,0.1,500,true,46,68,924850,0,0
206,1631314,moderate,first_class,0.1,500,true,11,37,6450,0,0
206,1631314,moderate,double_negation,0.1,500,true,11,36,6450,0,0
207,1639233,moderate,first_class,0.1,500,true,2,27,585370,0,0
207,1639233,moderate,double_negation,0.1,500,true,2,26,585370,0,0
208,1647152,moderate,first_class,0.1,500,true,6,26,978310,0,0
208,1647152,moderate,double_negation,0.1,500,true,6,23,978310,0,0
209,1655071,moderate,first_class,0.1,500,true,21,33,244270,0,0
209,1655071,moderate,double_negation,0.1,500,true,21,32,244270,0,0
210,1662990,moderate,first_class,0.1,500,true,11,25,812200,0,0
210,1662990,moderate,double_negation,0.1,500,true,11,26,812200,0,0
211,1670909,moderate,first_class,0.1,500,true,4,20,567880,0,0
211,1670909,moderate,double_negation,0.1,500,true,4,20,567880,0,0
212,1678828,moderate,first_class,0.1,500,true,4,23,900410,0,0
212,1678828,moderate,double_negation,0.1,500,true,4,25,900410,0,0
213,1686747,moderate,first_class,0.1,500,true,3,34,978690,0,0
213,1686747,moderate,double_negation,0.1,500,true,3,23,978690,0,0
214,1694666,moderate,first_class,0.1,500,true,22,50,462500,0,0
214,1694666,moderate,double_negation,0.1,500,true,22,33,462500,0,0
215,1702585,moderate,first_class,0.1,500,true,29,68,734850,0,0
215,1702585,moderate,double_negation,0.1,500,true,29,37,734850,0,0
216,1710504,moderate,first_class,0.1,500,true,7,22,814760,0,0
216,1710504,moderate,double_negation,0.1,500,true,7,23,814760,0,0
217,1718423,moderate,first_class,0.1,500,true,1,18,196920,0,0
217,1718423,moderate,double_negation,0.1,500,true,1,18,196920,0,0
218,1726342,moderate,first_class,0.1,500,true,3,230,996540,0,0
218,1726342,moderate,double_negation,0.1,500,true,3,31,996540,0,0
219,1734261,moderate,first_class,0.1,500,true,15,31,558330,0,0
219,1734261,moderate,double_negation,0.1,500,true,15,46,558330,0,0
220,1742180,moderate,first_class,0.1,500,true,2,21,16530,0,0
220,1742180,moderate,double_negation,0.1,500,true,2,20,16530,0,0
221,1750099,moderate,first_class,0.1,500,true,3,21,670020,0,0
221,1750099,moderate,double_negation,0.1,500,true,3,21,670020,0,0
222,1758018,moderate,first_class,0.1,500,true,23,59,754550,0,0
222,1758018,moderate,double_negation,0.1,500,true,23,42,754550,0,0
223,1765937,moderate,first_class,0.1,500,true,20,34,147470,0,0
223,1765937,moderate,double_negation,0.1,500,true,20,33,147470,0,0
224,1773856,moderate,first_class,0.1,500,true,25,36,581820,0,0
224,1773856,moderate,double_negation,0.1,500,true,25,35,581820,0,0
225,1781775,dense,first_class,0.5,100,true,1,43,795688,0,0
225,1781775,dense,double_negation,0.5,100,true,1,14,795688,0,0
226,1789694,dense,first_class,0.5,100,true,2,14,395500,0,0
226,1789694,dense,double_negation,0.5,100,true,2,14,395500,0,0
227,1797613,dense,first_class,0.5,100,true,4,17,766652,0,0
227,1797613,dense,double_negation,0.5,100,true,4,16,766652,0,0
228,1805532,dense,first_class,0.5,100,true,1,14,748948,0,0
228,1805532,dense,double_negation,0.5,100,true,1,21,748948,0,0
229,1813451,dense,first_class,0.5,100,true,1,14,405968,0,0
229,1813451,dense,double_negation,0.5,100,true,1,14,405968,0,0
230,1821370,dense,first_class,0.5,100,true,2,15,327398,0,0
230,1821370,dense,double_negation,0.5,100,true,2,15,327398,0,0
231,1829289,dense,first_class,0.5,100,true,2,15,723948,0,0
231,1829289,dense,double_negation,0.5,100,true,2,15,723948,0,0
232,1837208,dense,first_class,0.5,100,true,3,17,69028,0,0
232,1837208,dense,double_negation,0.5,100,true,3,15,69028,0,0
233,1845127,dense,first_class,0.5,100,true,3,16,581574,0,0
233,1845127,dense,double_negation,0.5,100,true,3,23,581574,0,0
234,1853046,dense,first_class,0.5,100,true,4,15,474666,0,0
234,1853046,dense,double_negation,0.5,100,true,4,16,474666,0,0
235,1860965,dense,first_class,0.5,100,true,2,14,842842,0,0
235,1860965,dense,double_negation,0.5,100,true,2,15,842842,0,0
236,1868884,dense,first_class,0.5,100,true,2,23,879320,0,0
236,1868884,dense,double_negation,0.5,100,true,2,14,879320,0,0
237,1876803,dense,first_class,0.5,100,true,2,14,70944,0,0
237,1876803,dense,double_negation,0.5,100,true,2,14,70944,0,0
238,1884722,dense,first_class,0.5,100,true,1,14,240560,0,0
238,1884722,dense,double_negation,0.5,100,true,1,21,240560,0,0
239,1892641,dense,first_class,0.5,100,true,3,15,497370,0,0
239,1892641,dense,double_negation,0.5,100,true,3,16,497370,0,0
240,1900560,dense,first_class,0.5,100,true,1,13,55154,0,0
240,1900560,dense,double_negation,0.5,100,true,1,13,55154,0,0
241,1908479,dense,first_class,0.5,100,true,1,12,968108,0,0
241,1908479,dense,double_negation,0.5,100,true,1,13,968108,0,0
242,1916398,dense,first_class,0.5,100,true,2,13,941760,0,0
242,1916398,dense,double_negation,0.5,100,true,2,13,941760,0,0
243,1924317,dense,first_class,0.5,100,true,2,13,687316,0,0
243,1924317,dense,double_negation,0.5,100,true,2,14,687316,0,0
244,1932236,dense,first_class,0.5,100,true,2,14,837420,0,0
244,1932236,dense,double_negation,0.5,100,true,2,14,837420,0,0
245,1940155,dense,first_class,0.5,100,true,1,12,353050,0,0
245,1940155,dense,double_negation,0.5,100,true,1,13,353050,0,0
246,1948074,dense,first_class,0.5,100,true,1,12,481588,0,0
246,1948074,dense,double_negation,0.5,100,true,1,13,481588,0,0
247,1955993,dense,first_class,0.5,100,true,2,13,686694,0,0
247,1955993,dense,double_negation,0.5,100,true,2,14,686694,0,0
248,1963912,dense,first_class,0.5,100,true,1,12,311818,0,0
248,1963912,dense,double_negation,0.5,100,true,1,13,311818,0,0
249,1971831,dense,first_class,0.5,100,true,2,13,689116,0,0
249,1971831,dense,double_negation,0.5,100,true,2,13,689116,0,0
250,1979750,dense,first_class,0.5,200,true,1,14,554614,0,0
250,1979750,dense,double_negation,0.5,200,true,1,15,554614,0,0
251,1987669,dense,first_class,0.5,200,true,2,16,39128,0,0
251,1987669,dense,double_negation,0.5,200,true,2,15,39128,0,0
252,1995588,dense,first_class,0.5,200,true,1,14,163658,0,0
252,1995588,dense,double_negation,0.5,200,true,1,19,163658,0,0
253,2003507,dense,first_class,0.5,200,true,1,14,367252,0,0
253,2003507,dense,double_negation,0.5,200,true,1,17,367252,0,0
254,2011426,dense,first_class,0.5,200,true,2,16,217348,0,0
254,2011426,dense,double_negation,0.5,200,true,2,31,217348,0,0
255,2019345,dense,first_class,0.5,200,true,1,215,481512,0,0
255,2019345,dense,double_negation,0.5,200,true,1,31,481512,0,0
256,2027264,dense,first_class,0.5,200,true,1,24,392716,0,0
256,2027264,dense,double_negation,0.5,200,true,1,15,392716,0,0
257,2035183,dense,first_class,0.5,200,true,1,20,135586,0,0
257,2035183,dense,double_negation,0.5,200,true,1,18,135586,0,0
258,2043102,dense,first_class,0.5,200,true,3,20,304342,0,0
258,2043102,dense,double_negation,0.5,200,true,3,16,304342,0,0
259,2051021,dense,first_class,0.5,200,true,1,14,704246,0,0
259,2051021,dense,double_negation,0.5,200,true,1,19,704246,0,0
260,2058940,dense,first_class,0.5,200,true,3,17,826328,0,0
260,2058940,dense,double_negation,0.5,200,true,3,29,826328,0,0
261,2066859,dense,first_class,0.5,200,true,3,20,348364,0,0
261,2066859,dense,double_negation,0.5,200,true,3,16,348364,0,0
262,2074778,dense,first_class,0.5,200,true,1,15,983064,0,0
262,2074778,dense,double_negation,0.5,200,true,1,14,983064,0,0
263,2082697,dense,first_class,0.5,200,true,2,241,442854,0,0
263,2082697,dense,double_negation,0.5,200,true,2,40,442854,0,0
264,2090616,dense,first_class,0.5,200,true,1,22,504112,0,0
264,2090616,dense,double_negation,0.5,200,true,1,20,504112,0,0
265,2098535,dense,first_class,0.5,200,true,1,16,908724,0,0
265,2098535,dense,double_negation,0.5,200,true,1,18,908724,0,0
266,2106454,dense,first_class,0.5,200,true,3,18,302468,0,0
266,2106454,dense,double_negation,0.5,200,true,3,29,302468,0,0
267,2114373,dense,first_class,0.5,200,true,1,16,680474,0,0
267,2114373,dense,double_negation,0.5,200,true,1,15,680474,0,0
268,2122292,dense,first_class,0.5,200,true,2,25,291754,0,0
268,2122292,dense,double_negation,0.5,200,true,2,19,291754,0,0
269,2130211,dense,first_class,0.5,200,true,1,21,540168,0,0
269,2130211,dense,double_negation,0.5,200,true,1,16,540168,0,0
270,2138130,dense,first_class,0.5,200,true,2,16,370874,0,0
270,2138130,dense,double_negation,0.5,200,true,2,16,370874,0,0
271,2146049,dense,first_class,0.5,200,true,1,14,55796,0,0
271,2146049,dense,double_negation,0.5,200,true,1,14,55796,0,0
272,2153968,dense,first_class,0.5,200,true,2,15,555550,0,0
272,2153968,dense,double_negation,0.5,200,true,2,15,555550,0,0
273,2161887,dense,first_class,0.5,200,true,3,16,230340,0,0
273,2161887,dense,double_negation,0.5,200,true,3,16,230340,0,0
274,2169806,dense,first_class,0.5,200,true,2,20,403596,0,0
274,2169806,dense,double_negation,0.5,200,true,2,16,403596,0,0
275,2177725,dense,first_class,0.5,500,true,1,21,108040,0,0
275,2177725,dense,double_negation,0.5,500,true,1,18,108040,0,0
276,2185644,dense,first_class,0.5,500,true,1,20,776412,0,0
276,2185644,dense,double_negation,0.5,500,true,1,19,776412,0,0
277,2193563,dense,first_class,0.5,500,true,1,19,221446,0,0
277,2193563,dense,double_negation,0.5,500,true,1,19,221446,0,0
278,2201482,dense,first_class,0.5,500,true,4,21,604752,0,0
278,2201482,dense,double_negation,0.5,500,true,4,21,604752,0,0
279,2209401,dense,first_class,0.5,500,true,1,21,42802,0,0
279,2209401,dense,double_negation,0.5,500,true,1,18,42802,0,0
280,2217320,dense,first_class,0.5,500,true,1,19,995382,0,0
280,2217320,dense,double_negation,0.5,500,true,1,24,995382,0,0
281,2225239,dense,first_class,0.5,500,true,2,19,683918,0,0
281,2225239,dense,double_negation,0.5,500,true,2,19,683918,0,0
282,2233158,dense,first_class,0.5,500,true,3,20,531696,0,0
282,2233158,dense,double_negation,0.5,500,true,3,20,531696,0,0
283,2241077,dense,first_class,0.5,500,true,2,22,294280,0,0
283,2241077,dense,double_negation,0.5,500,true,2,22,294280,0,0
284,2248996,dense,first_class,0.5,500,true,1,20,848898,0,0
284,2248996,dense,double_negation,0.5,500,true,1,18,848898,0,0
285,2256915,dense,first_class,0.5,500,true,1,21,275744,0,0
285,2256915,dense,double_negation,0.5,500,true,1,18,275744,0,0
286,2264834,dense,first_class,0.5,500,true,4,23,791580,0,0
286,2264834,dense,double_negation,0.5,500,true,4,25,791580,0,0
287,2272753,dense,first_class,0.5,500,true,1,21,474230,0,0
287,2272753,dense,double_negation,0.5,500,true,1,18,474230,0,0
288,2280672,dense,first_class,0.5,500,true,2,20,149382,0,0
288,2280672,dense,double_negation,0.5,500,true,2,19,149382,0,0
289,2288591,dense,first_class,0.5,500,true,3,27,598746,0,0
289,2288591,dense,double_negation,0.5,500,true,3,20,598746,0,0
290,2296510,dense,first_class,0.5,500,true,1,24,605322,0,0
290,2296510,dense,double_negation,0.5,500,true,1,42,605322,0,0
291,2304429,dense,first_class,0.5,500,true,2,25,750774,0,0
291,2304429,dense,double_negation,0.5,500,true,2,20,750774,0,0
292,2312348,dense,first_class,0.5,500,true,3,42,347050,0,0
292,2312348,dense,double_negation,0.5,500,true,3,21,347050,0,0
293,2320267,dense,first_class,0.5,500,true,1,19,990388,0,0
293,2320267,dense,double_negation,0.5,500,true,1,18,990388,0,0
294,2328186,dense,first_class,0.5,500,true,6,29,901878,0,0
294,2328186,dense,double_negation,0.5,500,true,6,26,901878,0,0
295,2336105,dense,first_class,0.5,500,true,4,20,502228,0,0
295,2336105,dense,double_negation,0.5,500,true,4,177,502228,0,0
296,2344024,dense,first_class,0.5,500,true,1,18,972892,0,0
296,2344024,dense,double_negation,0.5,500,true,1,17,972892,0,0
297,2351943,dense,first_class,0.5,500,true,1,18,859482,0,0
297,2351943,dense,double_negation,0.5,500,true,1,17,859482,0,0
298,2359862,dense,first_class,0.5,500,true,3,19,229798,0,0
298,2359862,dense,double_negation,0.5,500,true,3,26,229798,0,0
299,2367781,dense,first_class,0.5,500,true,1,18,675578,0,0
299,2367781,dense,double_negation,0.5,500,true,1,17,675578,0,0
