trial_id,seed,tests_run,bug_found,claimed_confidence,property_type,true_pass_rate,target_confidence,pass_rate_threshold,termination_reason,elapsed_micros
0,0,100,false,1.000000,always_true,1.0000,0.95,0.8,confidence,2510
1,7919,100,false,1.000000,always_true,1.0000,0.95,0.8,confidence,864
2,15838,100,false,1.000000,always_true,1.0000,0.95,0.8,confidence,442
3,23757,100,false,1.000000,always_true,1.0000,0.95,0.8,confidence,299
4,31676,100,false,1.000000,always_true,1.0000,0.95,0.8,confidence,467
5,39595,100,false,1.000000,always_true,1.0000,0.95,0.8,confidence,393
6,47514,100,false,1.000000,always_true,1.0000,0.95,0.8,confidence,435
7,55433,100,false,1.000000,always_true,1.0000,0.95,0.8,confidence,280
8,63352,100,false,1.000000,always_true,1.0000,0.95,0.8,confidence,332
9,71271,100,false,1.000000,always_true,1.0000,0.95,0.8,confidence,311
10,79190,100,false,1.000000,always_true,1.0000,0.95,0.8,confidence,530
11,87109,100,false,1.000000,always_true,1.0000,0.95,0.8,confidence,199
12,95028,100,false,1.000000,always_true,1.0000,0.95,0.8,confidence,157
13,102947,100,false,1.000000,always_true,1.0000,0.95,0.8,confidence,158
14,110866,100,false,1.000000,always_true,1.0000,0.95,0.8,confidence,140
15,118785,100,false,1.000000,always_true,1.0000,0.95,0.8,confidence,146
16,126704,100,false,1.000000,always_true,1.0000,0.95,0.8,confidence,200
17,134623,100,false,1.000000,always_true,1.0000,0.95,0.8,confidence,191
18,142542,100,false,1.000000,always_true,1.0000,0.95,0.8,confidence,191
19,150461,100,false,1.000000,always_true,1.0000,0.95,0.8,confidence,217
20,158380,100,false,1.000000,always_true,1.0000,0.95,0.8,confidence,179
21,166299,100,false,1.000000,always_true,1.0000,0.95,0.8,confidence,391
22,174218,100,false,1.000000,always_true,1.0000,0.95,0.8,confidence,172
23,182137,100,false,1.000000,always_true,1.0000,0.95,0.8,confidence,145
24,190056,100,false,1.000000,always_true,1.0000,0.95,0.8,confidence,138
25,197975,100,false,1.000000,always_true,1.0000,0.95,0.8,confidence,137
26,205894,100,false,1.000000,always_true,1.0000,0.95,0.8,confidence,142
27,213813,100,false,1.000000,always_true,1.0000,0.95,0.8,confidence,157
28,221732,100,false,1.000000,always_true,1.0000,0.95,0.8,confidence,226
29,229651,100,false,1.000000,always_true,1.0000,0.95,0.8,confidence,187
30,237570,100,false,1.000000,always_true,1.0000,0.95,0.8,confidence,148
31,245489,100,false,1.000000,always_true,1.0000,0.95,0.8,confidence,136
32,253408,100,false,1.000000,always_true,1.0000,0.95,0.8,confidence,340
33,261327,100,false,1.000000,always_true,1.0000,0.95,0.8,confidence,135
34,269246,100,false,1.000000,always_true,1.0000,0.95,0.8,confidence,128
35,277165,100,false,1.000000,always_true,1.0000,0.95,0.8,confidence,134
36,285084,100,false,1.000000,always_true,1.0000,0.95,0.8,confidence,125
37,293003,100,false,1.000000,always_true,1.0000,0.95,0.8,confidence,126
38,300922,100,false,1.000000,always_true,1.0000,0.95,0.8,confidence,126
39,308841,100,false,1.000000,always_true,1.0000,0.95,0.8,confidence,126
40,316760,100,false,1.000000,always_true,1.0000,0.95,0.8,confidence,136
41,324679,100,false,1.000000,always_true,1.0000,0.95,0.8,confidence,137
42,332598,100,false,1.000000,always_true,1.0000,0.95,0.8,confidence,123
43,340517,100,false,1.000000,always_true,1.0000,0.95,0.8,confidence,230
44,348436,100,false,1.000000,always_true,1.0000,0.95,0.8,confidence,137
45,356355,100,false,1.000000,always_true,1.0000,0.95,0.8,confidence,123
46,364274,100,false,1.000000,always_true,1.0000,0.95,0.8,confidence,137
47,372193,100,false,1.000000,always_true,1.0000,0.95,0.8,confidence,134
48,380112,100,false,1.000000,always_true,1.0000,0.95,0.8,confidence,124
49,388031,100,false,1.000000,always_true,1.0000,0.95,0.8,confidence,123
50,395950,100,false,1.000000,always_true,1.0000,0.95,0.8,confidence,123
51,403869,100,false,1.000000,always_true,1.0000,0.95,0.8,confidence,122
52,411788,100,false,1.000000,always_true,1.0000,0.95,0.8,confidence,136
53,419707,100,false,1.000000,always_true,1.0000,0.95,0.8,confidence,127
54,427626,100,false,1.000000,always_true,1.0000,0.95,0.8,confidence,327
55,435545,100,false,1.000000,always_true,1.0000,0.95,0.8,confidence,161
56,443464,100,false,1.000000,always_true,1.0000,0.95,0.8,confidence,132
57,451383,100,false,1.000000,always_true,1.0000,0.95,0.8,confidence,257
58,459302,100,false,1.000000,always_true,1.0000,0.95,0.8,confidence,135
59,467221,100,false,1.000000,always_true,1.0000,0.95,0.8,confidence,128
60,475140,100,false,1.000000,always_true,1.0000,0.95,0.8,confidence,131
61,483059,100,false,1.000000,always_true,1.0000,0.95,0.8,confidence,131
62,490978,100,false,1.000000,always_true,1.0000,0.95,0.8,confidence,127
63,498897,100,false,1.000000,always_true,1.0000,0.95,0.8,confidence,142
64,506816,100,false,1.000000,always_true,1.0000,0.95,0.8,confidence,130
65,514735,100,false,1.000000,always_true,1.0000,0.95,0.8,confidence,272
66,522654,100,false,1.000000,always_true,1.0000,0.95,0.8,confidence,126
67,530573,100,false,1.000000,always_true,1.0000,0.95,0.8,confidence,126
68,538492,100,false,1.000000,always_true,1.0000,0.95,0.8,confidence,125
69,546411,100,false,1.000000,always_true,1.0000,0.95,0.8,confidence,124
70,554330,100,false,1.000000,always_true,1.0000,0.95,0.8,confidence,125
71,562249,100,false,1.000000,always_true,1.0000,0.95,0.8,confidence,125
72,570168,100,false,1.000000,always_true,1.0000,0.95,0.8,confidence,124
73,578087,100,false,1.000000,always_true,1.0000,0.95,0.8,confidence,138
74,586006,100,false,1.000000,always_true,1.0000,0.95,0.8,confidence,150
75,593925,100,false,1.000000,always_true,1.0000,0.95,0.8,confidence,128
76,601844,100,false,1.000000,always_true,1.0000,0.95,0.8,confidence,263
77,609763,100,false,1.000000,always_true,1.0000,0.95,0.8,confidence,134
78,617682,100,false,1.000000,always_true,1.0000,0.95,0.8,confidence,116
79,625601,100,false,1.000000,always_true,1.0000,0.95,0.8,confidence,113
80,633520,100,false,1.000000,always_true,1.0000,0.95,0.8,confidence,112
81,641439,100,false,1.000000,always_true,1.0000,0.95,0.8,confidence,112
82,649358,100,false,1.000000,always_true,1.0000,0.95,0.8,confidence,111
83,657277,100,false,1.000000,always_true,1.0000,0.95,0.8,confidence,127
84,665196,100,false,1.000000,always_true,1.0000,0.95,0.8,confidence,144
85,673115,100,false,1.000000,always_true,1.0000,0.95,0.8,confidence,126
86,681034,100,false,1.000000,always_true,1.0000,0.95,0.8,confidence,120
87,688953,100,false,1.000000,always_true,1.0000,0.95,0.8,confidence,116
88,696872,100,false,1.000000,always_true,1.0000,0.95,0.8,confidence,220
89,704791,100,false,1.000000,always_true,1.0000,0.95,0.8,confidence,117
90,712710,100,false,1.000000,always_true,1.0000,0.95,0.8,confidence,108
91,720629,100,false,1.000000,always_true,1.0000,0.95,0.8,confidence,108
92,728548,100,false,1.000000,always_true,1.0000,0.95,0.8,confidence,119
93,736467,100,false,1.000000,always_true,1.0000,0.95,0.8,confidence,106
94,744386,100,false,1.000000,always_true,1.0000,0.95,0.8,confidence,106
95,752305,100,false,1.000000,always_true,1.0000,0.95,0.8,confidence,106
96,760224,100,false,1.000000,always_true,1.0000,0.95,0.8,confidence,106
97,768143,100,false,1.000000,always_true,1.0000,0.95,0.8,confidence,108
98,776062,100,false,1.000000,always_true,1.0000,0.95,0.8,confidence,110
99,783981,100,false,1.000000,always_true,1.0000,0.95,0.8,confidence,217
100,791900,100,false,1.000000,always_true,1.0000,0.95,0.8,confidence,109
101,799819,100,false,1.000000,always_true,1.0000,0.95,0.8,confidence,106
102,807738,100,false,1.000000,always_true,1.0000,0.95,0.8,confidence,110
103,815657,100,false,1.000000,always_true,1.0000,0.95,0.8,confidence,107
104,823576,100,false,1.000000,always_true,1.0000,0.95,0.8,confidence,106
105,831495,100,false,1.000000,always_true,1.0000,0.95,0.8,confidence,106
106,839414,100,false,1.000000,always_true,1.0000,0.95,0.8,confidence,106
107,847333,100,false,1.000000,always_true,1.0000,0.95,0.8,confidence,108
108,855252,100,false,1.000000,always_true,1.0000,0.95,0.8,confidence,105
109,863171,100,false,1.000000,always_true,1.0000,0.95,0.8,confidence,107
110,871090,100,false,1.000000,always_true,1.0000,0.95,0.8,confidence,140
111,879009,100,false,1.000000,always_true,1.0000,0.95,0.8,confidence,216
112,886928,100,false,1.000000,always_true,1.0000,0.95,0.8,confidence,103
113,894847,100,false,1.000000,always_true,1.0000,0.95,0.8,confidence,104
114,902766,100,false,1.000000,always_true,1.0000,0.95,0.8,confidence,107
115,910685,100,false,1.000000,always_true,1.0000,0.95,0.8,confidence,107
116,918604,100,false,1.000000,always_true,1.0000,0.95,0.8,confidence,104
117,926523,100,false,1.000000,always_true,1.0000,0.95,0.8,confidence,110
118,934442,100,false,1.000000,always_true,1.0000,0.95,0.8,confidence,109
119,942361,100,false,1.000000,always_true,1.0000,0.95,0.8,confidence,120
120,950280,100,false,1.000000,always_true,1.0000,0.95,0.8,confidence,106
121,958199,100,false,1.000000,always_true,1.0000,0.95,0.8,confidence,106
122,966118,100,false,1.000000,always_true,1.0000,0.95,0.8,confidence,102
123,974037,100,false,1.000000,always_true,1.0000,0.95,0.8,confidence,116
124,981956,100,false,1.000000,always_true,1.0000,0.95,0.8,confidence,219
125,989875,100,false,1.000000,always_true,1.0000,0.95,0.8,confidence,103
126,997794,100,false,1.000000,always_true,1.0000,0.95,0.8,confidence,108
127,1005713,100,false,1.000000,always_true,1.0000,0.95,0.8,confidence,117
128,1013632,100,false,1.000000,always_true,1.0000,0.95,0.8,confidence,115
129,1021551,100,false,1.000000,always_true,1.0000,0.95,0.8,confidence,103
130,1029470,100,false,1.000000,always_true,1.0000,0.95,0.8,confidence,102
131,1037389,100,false,1.000000,always_true,1.0000,0.95,0.8,confidence,101
132,1045308,100,false,1.000000,always_true,1.0000,0.95,0.8,confidence,101
133,1053227,100,false,1.000000,always_true,1.0000,0.95,0.8,confidence,102
134,1061146,100,false,1.000000,always_true,1.0000,0.95,0.8,confidence,106
135,1069065,100,false,1.000000,always_true,1.0000,0.95,0.8,confidence,101
136,1076984,100,false,1.000000,always_true,1.0000,0.95,0.8,confidence,121
137,1084903,100,false,1.000000,always_true,1.0000,0.95,0.8,confidence,302
138,1092822,100,false,1.000000,always_true,1.0000,0.95,0.8,confidence,133
139,1100741,100,false,1.000000,always_true,1.0000,0.95,0.8,confidence,112
140,1108660,100,false,1.000000,always_true,1.0000,0.95,0.8,confidence,106
141,1116579,100,false,1.000000,always_true,1.0000,0.95,0.8,confidence,111
142,1124498,100,false,1.000000,always_true,1.0000,0.95,0.8,confidence,110
143,1132417,100,false,1.000000,always_true,1.0000,0.95,0.8,confidence,110
144,1140336,100,false,1.000000,always_true,1.0000,0.95,0.8,confidence,112
145,1148255,100,false,1.000000,always_true,1.0000,0.95,0.8,confidence,156
146,1156174,100,false,1.000000,always_true,1.0000,0.95,0.8,confidence,136
147,1164093,100,false,1.000000,always_true,1.0000,0.95,0.8,confidence,123
148,1172012,100,false,1.000000,always_true,1.0000,0.95,0.8,confidence,132
149,1179931,100,false,1.000000,always_true,1.0000,0.95,0.8,confidence,134
150,1187850,100,false,1.000000,always_true,1.0000,0.95,0.8,confidence,192
151,1195769,100,false,1.000000,always_true,1.0000,0.95,0.8,confidence,101
152,1203688,100,false,1.000000,always_true,1.0000,0.95,0.8,confidence,102
153,1211607,100,false,1.000000,always_true,1.0000,0.95,0.8,confidence,101
154,1219526,100,false,1.000000,always_true,1.0000,0.95,0.8,confidence,105
155,1227445,100,false,1.000000,always_true,1.0000,0.95,0.8,confidence,108
156,1235364,100,false,1.000000,always_true,1.0000,0.95,0.8,confidence,102
157,1243283,100,false,1.000000,always_true,1.0000,0.95,0.8,confidence,101
158,1251202,100,false,1.000000,always_true,1.0000,0.95,0.8,confidence,102
159,1259121,100,false,1.000000,always_true,1.0000,0.95,0.8,confidence,101
160,1267040,100,false,1.000000,always_true,1.0000,0.95,0.8,confidence,114
161,1274959,100,false,1.000000,always_true,1.0000,0.95,0.8,confidence,101
162,1282878,100,false,1.000000,always_true,1.0000,0.95,0.8,confidence,100
163,1290797,100,false,1.000000,always_true,1.0000,0.95,0.8,confidence,175
164,1298716,100,false,1.000000,always_true,1.0000,0.95,0.8,confidence,105
165,1306635,100,false,1.000000,always_true,1.0000,0.95,0.8,confidence,123
166,1314554,100,false,1.000000,always_true,1.0000,0.95,0.8,confidence,101
167,1322473,100,false,1.000000,always_true,1.0000,0.95,0.8,confidence,114
168,1330392,100,false,1.000000,always_true,1.0000,0.95,0.8,confidence,104
169,1338311,100,false,1.000000,always_true,1.0000,0.95,0.8,confidence,138
170,1346230,100,false,1.000000,always_true,1.0000,0.95,0.8,confidence,202
171,1354149,100,false,1.000000,always_true,1.0000,0.95,0.8,confidence,148
172,1362068,100,false,1.000000,always_true,1.0000,0.95,0.8,confidence,104
173,1369987,100,false,1.000000,always_true,1.0000,0.95,0.8,confidence,123
174,1377906,100,false,1.000000,always_true,1.0000,0.95,0.8,confidence,116
175,1385825,100,false,1.000000,always_true,1.0000,0.95,0.8,confidence,106
176,1393744,100,false,1.000000,always_true,1.0000,0.95,0.8,confidence,307
177,1401663,100,false,1.000000,always_true,1.0000,0.95,0.8,confidence,121
178,1409582,100,false,1.000000,always_true,1.0000,0.95,0.8,confidence,100
179,1417501,100,false,1.000000,always_true,1.0000,0.95,0.8,confidence,121
180,1425420,100,false,1.000000,always_true,1.0000,0.95,0.8,confidence,106
181,1433339,100,false,1.000000,always_true,1.0000,0.95,0.8,confidence,103
182,1441258,100,false,1.000000,always_true,1.0000,0.95,0.8,confidence,102
183,1449177,100,false,1.000000,always_true,1.0000,0.95,0.8,confidence,111
184,1457096,100,false,1.000000,always_true,1.0000,0.95,0.8,confidence,108
185,1465015,100,false,1.000000,always_true,1.0000,0.95,0.8,confidence,102
186,1472934,100,false,1.000000,always_true,1.0000,0.95,0.8,confidence,100
187,1480853,100,false,1.000000,always_true,1.0000,0.95,0.8,confidence,98
188,1488772,100,false,1.000000,always_true,1.0000,0.95,0.8,confidence,176
189,1496691,100,false,1.000000,always_true,1.0000,0.95,0.8,confidence,279
190,1504610,100,false,1.000000,always_true,1.0000,0.95,0.8,confidence,144
191,1512529,100,false,1.000000,always_true,1.0000,0.95,0.8,confidence,104
192,1520448,100,false,1.000000,always_true,1.0000,0.95,0.8,confidence,100
193,1528367,100,false,1.000000,always_true,1.0000,0.95,0.8,confidence,119
194,1536286,100,false,1.000000,always_true,1.0000,0.95,0.8,confidence,115
195,1544205,100,false,1.000000,always_true,1.0000,0.95,0.8,confidence,106
196,1552124,100,false,1.000000,always_true,1.0000,0.95,0.8,confidence,101
197,1560043,100,false,1.000000,always_true,1.0000,0.95,0.8,confidence,102
198,1567962,100,false,1.000000,always_true,1.0000,0.95,0.8,confidence,108
199,1575881,100,false,1.000000,always_true,1.0000,0.95,0.8,confidence,112
200,1583800,100,false,1.000000,rare_failure,0.9990,0.95,0.8,confidence,164
201,1591719,100,false,1.000000,rare_failure,0.9990,0.95,0.8,confidence,153
202,1599638,100,false,1.000000,rare_failure,0.9990,0.95,0.8,confidence,231
203,1607557,100,false,1.000000,rare_failure,0.9990,0.95,0.8,confidence,115
204,1615476,100,false,1.000000,rare_failure,0.9990,0.95,0.8,confidence,114
205,1623395,27,true,0.984526,rare_failure,0.9990,0.95,0.8,bugFound,374
206,1631314,100,false,1.000000,rare_failure,0.9990,0.95,0.8,confidence,185
207,1639233,100,false,1.000000,rare_failure,0.9990,0.95,0.8,confidence,134
208,1647152,100,false,1.000000,rare_failure,0.9990,0.95,0.8,confidence,140
209,1655071,62,true,0.999987,rare_failure,0.9990,0.95,0.8,bugFound,112
210,1662990,100,false,1.000000,rare_failure,0.9990,0.95,0.8,confidence,152
211,1670909,1,true,0.040000,rare_failure,0.9990,0.95,0.8,bugFound,48
212,1678828,100,false,1.000000,rare_failure,0.9990,0.95,0.8,confidence,140
213,1686747,100,false,1.000000,rare_failure,0.9990,0.95,0.8,confidence,130
214,1694666,100,false,1.000000,rare_failure,0.9990,0.95,0.8,confidence,130
215,1702585,36,true,0.997339,rare_failure,0.9990,0.95,0.8,bugFound,164
216,1710504,100,false,1.000000,rare_failure,0.9990,0.95,0.8,confidence,138
217,1718423,100,false,1.000000,rare_failure,0.9990,0.95,0.8,confidence,124
218,1726342,100,false,1.000000,rare_failure,0.9990,0.95,0.8,confidence,123
219,1734261,100,false,1.000000,rare_failure,0.9990,0.95,0.8,confidence,124
220,1742180,100,false,1.000000,rare_failure,0.9990,0.95,0.8,confidence,100
221,1750099,100,false,1.000000,rare_failure,0.9990,0.95,0.8,confidence,100
222,1758018,100,false,1.000000,rare_failure,0.9990,0.95,0.8,confidence,100
223,1765937,100,false,1.000000,rare_failure,0.9990,0.95,0.8,confidence,99
224,1773856,100,false,1.000000,rare_failure,0.9990,0.95,0.8,confidence,101
225,1781775,100,false,1.000000,rare_failure,0.9990,0.95,0.8,confidence,103
226,1789694,100,false,1.000000,rare_failure,0.9990,0.95,0.8,confidence,102
227,1797613,100,false,1.000000,rare_failure,0.9990,0.95,0.8,confidence,195
228,1805532,100,false,1.000000,rare_failure,0.9990,0.95,0.8,confidence,100
229,1813451,11,true,0.725122,rare_failure,0.9990,0.95,0.8,bugFound,48
230,1821370,100,false,1.000000,rare_failure,0.9990,0.95,0.8,confidence,99
231,1829289,100,false,1.000000,rare_failure,0.9990,0.95,0.8,confidence,102
232,1837208,100,false,1.000000,rare_failure,0.9990,0.95,0.8,confidence,99
233,1845127,100,false,1.000000,rare_failure,0.9990,0.95,0.8,confidence,121
234,1853046,100,false,1.000000,rare_failure,0.9990,0.95,0.8,confidence,101
235,1860965,100,false,1.000000,rare_failure,0.9990,0.95,0.8,confidence,100
236,1868884,100,false,1.000000,rare_failure,0.9990,0.95,0.8,confidence,115
237,1876803,100,false,1.000000,rare_failure,0.9990,0.95,0.8,confidence,101
238,1884722,100,false,1.000000,rare_failure,0.9990,0.95,0.8,confidence,99
239,1892641,100,false,1.000000,rare_failure,0.9990,0.95,0.8,confidence,184
240,1900560,100,false,1.000000,rare_failure,0.9990,0.95,0.8,confidence,112
241,1908479,100,false,1.000000,rare_failure,0.9990,0.95,0.8,confidence,101
242,1916398,100,false,1.000000,rare_failure,0.9990,0.95,0.8,confidence,112
243,1924317,100,false,1.000000,rare_failure,0.9990,0.95,0.8,confidence,228
244,1932236,100,false,1.000000,rare_failure,0.9990,0.95,0.8,confidence,129
245,1940155,100,false,1.000000,rare_failure,0.9990,0.95,0.8,confidence,130
246,1948074,100,false,1.000000,rare_failure,0.9990,0.95,0.8,confidence,131
247,1955993,100,false,1.000000,rare_failure,0.9990,0.95,0.8,confidence,110
248,1963912,100,false,1.000000,rare_failure,0.9990,0.95,0.8,confidence,114
249,1971831,100,false,1.000000,rare_failure,0.9990,0.95,0.8,confidence,139
250,1979750,73,true,0.999999,rare_failure,0.9990,0.95,0.8,bugFound,197
251,1987669,100,false,1.000000,rare_failure,0.9990,0.95,0.8,confidence,184
252,1995588,100,false,1.000000,rare_failure,0.9990,0.95,0.8,confidence,110
253,2003507,100,false,1.000000,rare_failure,0.9990,0.95,0.8,confidence,102
254,2011426,100,false,1.000000,rare_failure,0.9990,0.95,0.8,confidence,100
255,2019345,100,false,1.000000,rare_failure,0.9990,0.95,0.8,confidence,173
256,2027264,27,true,0.984526,rare_failure,0.9990,0.95,0.8,bugFound,120
257,2035183,100,false,1.000000,rare_failure,0.9990,0.95,0.8,confidence,123
258,2043102,100,false,1.000000,rare_failure,0.9990,0.95,0.8,confidence,130
259,2051021,100,false,1.000000,rare_failure,0.9990,0.95,0.8,confidence,104
260,2058940,100,false,1.000000,rare_failure,0.9990,0.95,0.8,confidence,115
261,2066859,100,false,1.000000,rare_failure,0.9990,0.95,0.8,confidence,123
262,2074778,100,false,1.000000,rare_failure,0.9990,0.95,0.8,confidence,104
263,2082697,100,false,1.000000,rare_failure,0.9990,0.95,0.8,confidence,310
264,2090616,100,false,1.000000,rare_failure,0.9990,0.95,0.8,confidence,120
265,2098535,100,false,1.000000,rare_failure,0.9990,0.95,0.8,confidence,110
266,2106454,100,false,1.000000,rare_failure,0.9990,0.95,0.8,confidence,101
267,2114373,100,false,1.000000,rare_failure,0.9990,0.95,0.8,confidence,117
268,2122292,100,false,1.000000,rare_failure,0.9990,0.95,0.8,confidence,98
269,2130211,100,false,1.000000,rare_failure,0.9990,0.95,0.8,confidence,100
270,2138130,94,true,1.000000,rare_failure,0.9990,0.95,0.8,bugFound,129
271,2146049,88,true,1.000000,rare_failure,0.9990,0.95,0.8,bugFound,110
272,2153968,100,false,1.000000,rare_failure,0.9990,0.95,0.8,confidence,112
273,2161887,100,false,1.000000,rare_failure,0.9990,0.95,0.8,confidence,103
274,2169806,100,false,1.000000,rare_failure,0.9990,0.95,0.8,confidence,103
275,2177725,100,false,1.000000,rare_failure,0.9990,0.95,0.8,confidence,324
276,2185644,100,false,1.000000,rare_failure,0.9990,0.95,0.8,confidence,136
277,2193563,100,false,1.000000,rare_failure,0.9990,0.95,0.8,confidence,103
278,2201482,66,true,0.999994,rare_failure,0.9990,0.95,0.8,bugFound,96
279,2209401,100,false,1.000000,rare_failure,0.9990,0.95,0.8,confidence,97
280,2217320,100,false,1.000000,rare_failure,0.9990,0.95,0.8,confidence,96
281,2225239,100,false,1.000000,rare_failure,0.9990,0.95,0.8,confidence,96
282,2233158,100,false,1.000000,rare_failure,0.9990,0.95,0.8,confidence,96
283,2241077,100,false,1.000000,rare_failure,0.9990,0.95,0.8,confidence,96
284,2248996,100,false,1.000000,rare_failure,0.9990,0.95,0.8,confidence,95
285,2256915,100,false,1.000000,rare_failure,0.9990,0.95,0.8,confidence,97
286,2264834,100,false,1.000000,rare_failure,0.9990,0.95,0.8,confidence,95
287,2272753,100,false,1.000000,rare_failure,0.9990,0.95,0.8,confidence,200
288,2280672,100,false,1.000000,rare_failure,0.9990,0.95,0.8,confidence,97
289,2288591,100,false,1.000000,rare_failure,0.9990,0.95,0.8,confidence,96
290,2296510,100,false,1.000000,rare_failure,0.9990,0.95,0.8,confidence,95
291,2304429,100,false,1.000000,rare_failure,0.9990,0.95,0.8,confidence,96
292,2312348,100,false,1.000000,rare_failure,0.9990,0.95,0.8,confidence,96
293,2320267,100,false,1.000000,rare_failure,0.9990,0.95,0.8,confidence,95
294,2328186,100,false,1.000000,rare_failure,0.9990,0.95,0.8,confidence,95
295,2336105,100,false,1.000000,rare_failure,0.9990,0.95,0.8,confidence,96
296,2344024,100,false,1.000000,rare_failure,0.9990,0.95,0.8,confidence,97
297,2351943,79,true,1.000000,rare_failure,0.9990,0.95,0.8,bugFound,107
298,2359862,100,false,1.000000,rare_failure,0.9990,0.95,0.8,confidence,100
299,2367781,100,false,1.000000,rare_failure,0.9990,0.95,0.8,confidence,95
300,2375700,100,false,1.000000,rare_failure,0.9990,0.95,0.8,confidence,257
301,2383619,100,false,1.000000,rare_failure,0.9990,0.95,0.8,confidence,150
302,2391538,57,true,0.999963,rare_failure,0.9990,0.95,0.8,bugFound,72
303,2399457,100,false,1.000000,rare_failure,0.9990,0.95,0.8,confidence,102
304,2407376,100,false,1.000000,rare_failure,0.9990,0.95,0.8,confidence,99
305,2415295,100,false,1.000000,rare_failure,0.9990,0.95,0.8,confidence,99
306,2423214,100,false,1.000000,rare_failure,0.9990,0.95,0.8,confidence,99
307,2431133,100,false,1.000000,rare_failure,0.9990,0.95,0.8,confidence,98
308,2439052,100,false,1.000000,rare_failure,0.9990,0.95,0.8,confidence,106
309,2446971,100,false,1.000000,rare_failure,0.9990,0.95,0.8,confidence,107
310,2454890,100,false,1.000000,rare_failure,0.9990,0.95,0.8,confidence,104
311,2462809,100,false,1.000000,rare_failure,0.9990,0.95,0.8,confidence,99
312,2470728,100,false,1.000000,rare_failure,0.9990,0.95,0.8,confidence,259
313,2478647,100,false,1.000000,rare_failure,0.9990,0.95,0.8,confidence,105
314,2486566,100,false,1.000000,rare_failure,0.9990,0.95,0.8,confidence,99
315,2494485,100,false,1.000000,rare_failure,0.9990,0.95,0.8,confidence,99
316,2502404,100,false,1.000000,rare_failure,0.9990,0.95,0.8,confidence,100
317,2510323,100,false,1.000000,rare_failure,0.9990,0.95,0.8,confidence,98
318,2518242,100,false,1.000000,rare_failure,0.9990,0.95,0.8,confidence,99
319,2526161,100,false,1.000000,rare_failure,0.9990,0.95,0.8,confidence,99
320,2534080,100,false,1.000000,rare_failure,0.9990,0.95,0.8,confidence,100
321,2541999,100,false,1.000000,rare_failure,0.9990,0.95,0.8,confidence,111
322,2549918,100,false,1.000000,rare_failure,0.9990,0.95,0.8,confidence,103
323,2557837,100,false,1.000000,rare_failure,0.9990,0.95,0.8,confidence,99
324,2565756,100,false,1.000000,rare_failure,0.9990,0.95,0.8,confidence,276
325,2573675,100,false,1.000000,rare_failure,0.9990,0.95,0.8,confidence,127
326,2581594,100,false,1.000000,rare_failure,0.9990,0.95,0.8,confidence,106
327,2589513,57,true,0.999963,rare_failure,0.9990,0.95,0.8,bugFound,76
328,2597432,100,false,1.000000,rare_failure,0.9990,0.95,0.8,confidence,145
329,2605351,100,false,1.000000,rare_failure,0.9990,0.95,0.8,confidence,101
330,2613270,100,false,1.000000,rare_failure,0.9990,0.95,0.8,confidence,102
331,2621189,100,false,1.000000,rare_failure,0.9990,0.95,0.8,confidence,106
332,2629108,100,false,1.000000,rare_failure,0.9990,0.95,0.8,confidence,95
333,2637027,100,false,1.000000,rare_failure,0.9990,0.95,0.8,confidence,97
334,2644946,100,false,1.000000,rare_failure,0.9990,0.95,0.8,confidence,99
335,2652865,100,false,1.000000,rare_failure,0.9990,0.95,0.8,confidence,103
336,2660784,100,true,1.000000,rare_failure,0.9990,0.95,0.8,bugFound,99
337,2668703,100,false,1.000000,rare_failure,0.9990,0.95,0.8,confidence,236
338,2676622,100,false,1.000000,rare_failure,0.9990,0.95,0.8,confidence,99
339,2684541,100,false,1.000000,rare_failure,0.9990,0.95,0.8,confidence,99
340,2692460,100,false,1.000000,rare_failure,0.9990,0.95,0.8,confidence,97
341,2700379,51,true,0.999872,rare_failure,0.9990,0.95,0.8,bugFound,64
342,2708298,100,false,1.000000,rare_failure,0.9990,0.95,0.8,confidence,102
343,2716217,100,false,1.000000,rare_failure,0.9990,0.95,0.8,confidence,96
344,2724136,100,false,1.000000,rare_failure,0.9990,0.95,0.8,confidence,122
345,2732055,100,false,1.000000,rare_failure,0.9990,0.95,0.8,confidence,129
346,2739974,100,false,1.000000,rare_failure,0.9990,0.95,0.8,confidence,98
347,2747893,100,false,1.000000,rare_failure,0.9990,0.95,0.8,confidence,93
348,2755812,100,false,1.000000,rare_failure,0.9990,0.95,0.8,confidence,94
349,2763731,100,false,1.000000,rare_failure,0.9990,0.95,0.8,confidence,92
350,2771650,100,false,1.000000,rare_failure,0.9990,0.95,0.8,confidence,92
351,2779569,100,false,1.000000,rare_failure,0.9990,0.95,0.8,confidence,179
352,2787488,100,false,1.000000,rare_failure,0.9990,0.95,0.8,confidence,93
353,2795407,100,false,1.000000,rare_failure,0.9990,0.95,0.8,confidence,94
354,2803326,100,false,1.000000,rare_failure,0.9990,0.95,0.8,confidence,99
355,2811245,100,false,1.000000,rare_failure,0.9990,0.95,0.8,confidence,93
356,2819164,100,false,1.000000,rare_failure,0.9990,0.95,0.8,confidence,92
357,2827083,100,false,1.000000,rare_failure,0.9990,0.95,0.8,confidence,92
358,2835002,100,false,1.000000,rare_failure,0.9990,0.95,0.8,confidence,93
359,2842921,100,false,1.000000,rare_failure,0.9990,0.95,0.8,confidence,92
360,2850840,100,false,1.000000,rare_failure,0.9990,0.95,0.8,confidence,93
361,2858759,100,false,1.000000,rare_failure,0.9990,0.95,0.8,confidence,94
362,2866678,100,false,1.000000,rare_failure,0.9990,0.95,0.8,confidence,92
363,2874597,100,false,1.000000,rare_failure,0.9990,0.95,0.8,confidence,92
364,2882516,100,false,1.000000,rare_failure,0.9990,0.95,0.8,confidence,173
365,2890435,100,false,1.000000,rare_failure,0.9990,0.95,0.8,confidence,93
366,2898354,100,false,1.000000,rare_failure,0.9990,0.95,0.8,confidence,92
367,2906273,100,false,1.000000,rare_failure,0.9990,0.95,0.8,confidence,92
368,2914192,100,false,1.000000,rare_failure,0.9990,0.95,0.8,confidence,93
369,2922111,100,false,1.000000,rare_failure,0.9990,0.95,0.8,confidence,93
370,2930030,100,false,1.000000,rare_failure,0.9990,0.95,0.8,confidence,95
371,2937949,100,false,1.000000,rare_failure,0.9990,0.95,0.8,confidence,127
372,2945868,100,false,1.000000,rare_failure,0.9990,0.95,0.8,confidence,94
373,2953787,100,false,1.000000,rare_failure,0.9990,0.95,0.8,confidence,93
374,2961706,100,false,1.000000,rare_failure,0.9990,0.95,0.8,confidence,94
375,2969625,100,false,1.000000,rare_failure,0.9990,0.95,0.8,confidence,93
376,2977544,100,false,1.000000,rare_failure,0.9990,0.95,0.8,confidence,99
377,2985463,100,false,1.000000,rare_failure,0.9990,0.95,0.8,confidence,267
378,2993382,100,false,1.000000,rare_failure,0.9990,0.95,0.8,confidence,136
379,3001301,100,false,1.000000,rare_failure,0.9990,0.95,0.8,confidence,130
380,3009220,100,false,1.000000,rare_failure,0.9990,0.95,0.8,confidence,116
381,3017139,100,false,1.000000,rare_failure,0.9990,0.95,0.8,confidence,103
382,3025058,31,true,0.992869,rare_failure,0.9990,0.95,0.8,bugFound,61
383,3032977,47,true,0.999710,rare_failure,0.9990,0.95,0.8,bugFound,66
384,3040896,100,false,1.000000,rare_failure,0.9990,0.95,0.8,confidence,100
385,3048815,100,false,1.000000,rare_failure,0.9990,0.95,0.8,confidence,105
386,3056734,100,false,1.000000,rare_failure,0.9990,0.95,0.8,confidence,109
387,3064653,100,false,1.000000,rare_failure,0.9990,0.95,0.8,confidence,99
388,3072572,100,false,1.000000,rare_failure,0.9990,0.95,0.8,confidence,105
389,3080491,100,false,1.000000,rare_failure,0.9990,0.95,0.8,confidence,150
390,3088410,100,false,1.000000,rare_failure,0.9990,0.95,0.8,confidence,96
391,3096329,100,false,1.000000,rare_failure,0.9990,0.95,0.8,confidence,201
392,3104248,49,true,0.999807,rare_failure,0.9990,0.95,0.8,bugFound,71
393,3112167,100,false,1.000000,rare_failure,0.9990,0.95,0.8,confidence,99
394,3120086,100,false,1.000000,rare_failure,0.9990,0.95,0.8,confidence,97
395,3128005,100,false,1.000000,rare_failure,0.9990,0.95,0.8,confidence,96
396,3135924,100,false,1.000000,rare_failure,0.9990,0.95,0.8,confidence,96
397,3143843,100,false,1.000000,rare_failure,0.9990,0.95,0.8,confidence,95
398,3151762,91,true,1.000000,rare_failure,0.9990,0.95,0.8,bugFound,100
399,3159681,100,false,1.000000,rare_failure,0.9990,0.95,0.8,confidence,110
400,3167600,100,false,1.000000,uncommon_failure,0.9950,0.95,0.8,confidence,93
401,3175519,100,false,1.000000,uncommon_failure,0.9950,0.95,0.8,confidence,98
402,3183438,100,false,1.000000,uncommon_failure,0.9950,0.95,0.8,confidence,94
403,3191357,43,true,0.999347,uncommon_failure,0.9950,0.95,0.8,bugFound,55
404,3199276,100,false,1.000000,uncommon_failure,0.9950,0.95,0.8,confidence,247
405,3207195,100,false,1.000000,uncommon_failure,0.9950,0.95,0.8,confidence,110
406,3215114,67,true,0.999995,uncommon_failure,0.9950,0.95,0.8,bugFound,83
407,3223033,100,false,1.000000,uncommon_failure,0.9950,0.95,0.8,confidence,97
408,3230952,100,false,1.000000,uncommon_failure,0.9950,0.95,0.8,confidence,94
409,3238871,16,true,0.881781,uncommon_failure,0.9950,0.95,0.8,bugFound,48
410,3246790,100,false,1.000000,uncommon_failure,0.9950,0.95,0.8,confidence,196
411,3254709,100,false,1.000000,uncommon_failure,0.9950,0.95,0.8,confidence,110
412,3262628,39,true,0.998538,uncommon_failure,0.9950,0.95,0.8,bugFound,64
413,3270547,100,false,1.000000,uncommon_failure,0.9950,0.95,0.8,confidence,101
414,3278466,37,true,0.997819,uncommon_failure,0.9950,0.95,0.8,bugFound,51
415,3286385,100,false,1.000000,uncommon_failure,0.9950,0.95,0.8,confidence,96
416,3294304,100,false,1.000000,uncommon_failure,0.9950,0.95,0.8,confidence,102
417,3302223,100,false,1.000000,uncommon_failure,0.9950,0.95,0.8,confidence,102
418,3310142,63,true,0.999989,uncommon_failure,0.9950,0.95,0.8,bugFound,73
419,3318061,100,false,1.000000,uncommon_failure,0.9950,0.95,0.8,confidence,235
420,3325980,31,true,0.992869,uncommon_failure,0.9950,0.95,0.8,bugFound,53
421,3333899,54,true,0.999931,uncommon_failure,0.9950,0.95,0.8,bugFound,63
422,3341818,35,true,0.996755,uncommon_failure,0.9950,0.95,0.8,bugFound,49
423,3349737,32,true,0.994137,uncommon_failure,0.9950,0.95,0.8,bugFound,47
424,3357656,100,false,1.000000,uncommon_failure,0.9950,0.95,0.8,confidence,94
425,3365575,100,false,1.000000,uncommon_failure,0.9950,0.95,0.8,confidence,92
426,3373494,100,false,1.000000,uncommon_failure,0.9950,0.95,0.8,confidence,92
427,3381413,44,true,0.999466,uncommon_failure,0.9950,0.95,0.8,bugFound,55
428,3389332,61,true,0.999984,uncommon_failure,0.9950,0.95,0.8,bugFound,66
429,3397251,38,true,0.998214,uncommon_failure,0.9950,0.95,0.8,bugFound,52
430,3405170,100,false,1.000000,uncommon_failure,0.9950,0.95,0.8,confidence,101
431,3413089,77,true,0.999999,uncommon_failure,0.9950,0.95,0.8,bugFound,81
432,3421008,100,false,1.000000,uncommon_failure,0.9950,0.95,0.8,confidence,93
433,3428927,100,false,1.000000,uncommon_failure,0.9950,0.95,0.8,confidence,92
434,3436846,100,false,1.000000,uncommon_failure,0.9950,0.95,0.8,confidence,203
435,3444765,55,true,0.999944,uncommon_failure,0.9950,0.95,0.8,bugFound,69
436,3452684,66,true,0.999994,uncommon_failure,0.9950,0.95,0.8,bugFound,70
437,3460603,56,true,0.999954,uncommon_failure,0.9950,0.95,0.8,bugFound,63
438,3468522,100,false,1.000000,uncommon_failure,0.9950,0.95,0.8,confidence,92
439,3476441,89,true,1.000000,uncommon_failure,0.9950,0.95,0.8,bugFound,85
440,3484360,58,true,0.999970,uncommon_failure,0.9950,0.95,0.8,bugFound,65
441,3492279,100,false,1.000000,uncommon_failure,0.9950,0.95,0.8,confidence,93
442,3500198,100,false,1.000000,uncommon_failure,0.9950,0.95,0.8,confidence,92
443,3508117,24,true,0.972610,uncommon_failure,0.9950,0.95,0.8,bugFound,41
444,3516036,100,true,1.000000,uncommon_failure,0.9950,0.95,0.8,bugFound,94
445,3523955,100,false,1.000000,uncommon_failure,0.9950,0.95,0.8,confidence,93
446,3531874,100,false,1.000000,uncommon_failure,0.9950,0.95,0.8,confidence,94
447,3539793,100,false,1.000000,uncommon_failure,0.9950,0.95,0.8,confidence,92
448,3547712,31,true,0.992869,uncommon_failure,0.9950,0.95,0.8,bugFound,46
449,3555631,95,true,1.000000,uncommon_failure,0.9950,0.95,0.8,bugFound,168
450,3563550,100,false,1.000000,uncommon_failure,0.9950,0.95,0.8,confidence,96
451,3571469,100,false,1.000000,uncommon_failure,0.9950,0.95,0.8,confidence,109
452,3579388,89,true,1.000000,uncommon_failure,0.9950,0.95,0.8,bugFound,86
453,3587307,74,true,0.999999,uncommon_failure,0.9950,0.95,0.8,bugFound,75
454,3595226,100,false,1.000000,uncommon_failure,0.9950,0.95,0.8,confidence,101
455,3603145,67,true,0.999995,uncommon_failure,0.9950,0.95,0.8,bugFound,72
456,3611064,100,false,1.000000,uncommon_failure,0.9950,0.95,0.8,confidence,111
457,3618983,100,false,1.000000,uncommon_failure,0.9950,0.95,0.8,confidence,92
458,3626902,52,true,0.999896,uncommon_failure,0.9950,0.95,0.8,bugFound,61
459,3634821,100,false,1.000000,uncommon_failure,0.9950,0.95,0.8,confidence,92
460,3642740,100,true,1.000000,uncommon_failure,0.9950,0.95,0.8,bugFound,94
461,3650659,100,false,1.000000,uncommon_failure,0.9950,0.95,0.8,confidence,109
462,3658578,51,true,0.999872,uncommon_failure,0.9950,0.95,0.8,bugFound,73
463,3666497,95,true,1.000000,uncommon_failure,0.9950,0.95,0.8,bugFound,197
464,3674416,100,false,1.000000,uncommon_failure,0.9950,0.95,0.8,confidence,100
465,3682335,91,true,1.000000,uncommon_failure,0.9950,0.95,0.8,bugFound,91
466,3690254,66,true,0.999994,uncommon_failure,0.9950,0.95,0.8,bugFound,72
467,3698173,50,true,0.999843,uncommon_failure,0.9950,0.95,0.8,bugFound,62
468,3706092,100,false,1.000000,uncommon_failure,0.9950,0.95,0.8,confidence,100
469,3714011,23,true,0.966943,uncommon_failure,0.9950,0.95,0.8,bugFound,41
470,3721930,46,true,0.999645,uncommon_failure,0.9950,0.95,0.8,bugFound,56
471,3729849,67,true,0.999995,uncommon_failure,0.9950,0.95,0.8,bugFound,71
472,3737768,100,false,1.000000,uncommon_failure,0.9950,0.95,0.8,confidence,93
473,3745687,100,false,1.000000,uncommon_failure,0.9950,0.95,0.8,confidence,92
474,3753606,92,true,1.000000,uncommon_failure,0.9950,0.95,0.8,bugFound,89
475,3761525,89,true,1.000000,uncommon_failure,0.9950,0.95,0.8,bugFound,87
476,3769444,94,true,1.000000,uncommon_failure,0.9950,0.95,0.8,bugFound,89
477,3777363,100,false,1.000000,uncommon_failure,0.9950,0.95,0.8,confidence,93
478,3785282,44,true,0.999466,uncommon_failure,0.9950,0.95,0.8,bugFound,158
479,3793201,43,true,0.999347,uncommon_failure,0.9950,0.95,0.8,bugFound,55
480,3801120,93,true,1.000000,uncommon_failure,0.9950,0.95,0.8,bugFound,92
481,3809039,74,true,0.999999,uncommon_failure,0.9950,0.95,0.8,bugFound,79
482,3816958,100,false,1.000000,uncommon_failure,0.9950,0.95,0.8,confidence,95
483,3824877,100,false,1.000000,uncommon_failure,0.9950,0.95,0.8,confidence,92
484,3832796,100,false,1.000000,uncommon_failure,0.9950,0.95,0.8,confidence,92
485,3840715,100,false,1.000000,uncommon_failure,0.9950,0.95,0.8,confidence,92
486,3848634,5,true,0.344640,uncommon_failure,0.9950,0.95,0.8,bugFound,28
487,3856553,100,false,1.000000,uncommon_failure,0.9950,0.95,0.8,confidence,93
488,3864472,100,false,1.000000,uncommon_failure,0.9950,0.95,0.8,confidence,92
489,3872391,47,true,0.999710,uncommon_failure,0.9950,0.95,0.8,bugFound,57
490,3880310,11,true,0.725122,uncommon_failure,0.9950,0.95,0.8,bugFound,32
491,3888229,100,false,1.000000,uncommon_failure,0.9950,0.95,0.8,confidence,97
492,3896148,26,true,0.981262,uncommon_failure,0.9950,0.95,0.8,bugFound,43
493,3904067,100,false,1.000000,uncommon_failure,0.9950,0.95,0.8,confidence,92
494,3911986,100,false,1.000000,uncommon_failure,0.9950,0.95,0.8,confidence,273
495,3919905,100,false,1.000000,uncommon_failure,0.9950,0.95,0.8,confidence,168
496,3927824,100,false,1.000000,uncommon_failure,0.9950,0.95,0.8,confidence,103
497,3935743,100,false,1.000000,uncommon_failure,0.9950,0.95,0.8,confidence,99
498,3943662,100,false,1.000000,uncommon_failure,0.9950,0.95,0.8,confidence,97
499,3951581,100,false,1.000000,uncommon_failure,0.9950,0.95,0.8,confidence,100
500,3959500,100,false,1.000000,uncommon_failure,0.9950,0.95,0.8,confidence,102
501,3967419,100,false,1.000000,uncommon_failure,0.9950,0.95,0.8,confidence,107
502,3975338,70,true,0.999998,uncommon_failure,0.9950,0.95,0.8,bugFound,93
503,3983257,86,true,1.000000,uncommon_failure,0.9950,0.95,0.8,bugFound,118
504,3991176,100,false,1.000000,uncommon_failure,0.9950,0.95,0.8,confidence,107
505,3999095,20,true,0.942354,uncommon_failure,0.9950,0.95,0.8,bugFound,60
506,4007014,100,false,1.000000,uncommon_failure,0.9950,0.95,0.8,confidence,126
507,4014933,100,false,1.000000,uncommon_failure,0.9950,0.95,0.8,confidence,247
508,4022852,100,false,1.000000,uncommon_failure,0.9950,0.95,0.8,confidence,102
509,4030771,100,false,1.000000,uncommon_failure,0.9950,0.95,0.8,confidence,122
510,4038690,100,false,1.000000,uncommon_failure,0.9950,0.95,0.8,confidence,274
511,4046609,100,false,1.000000,uncommon_failure,0.9950,0.95,0.8,confidence,115
512,4054528,100,false,1.000000,uncommon_failure,0.9950,0.95,0.8,confidence,105
513,4062447,100,false,1.000000,uncommon_failure,0.9950,0.95,0.8,confidence,116
514,4070366,57,true,0.999963,uncommon_failure,0.9950,0.95,0.8,bugFound,71
515,4078285,68,true,0.999996,uncommon_failure,0.9950,0.95,0.8,bugFound,86
516,4086204,100,false,1.000000,uncommon_failure,0.9950,0.95,0.8,confidence,109
517,4094123,100,false,1.000000,uncommon_failure,0.9950,0.95,0.8,confidence,99
518,4102042,76,true,0.999999,uncommon_failure,0.9950,0.95,0.8,bugFound,87
519,4109961,100,false,1.000000,uncommon_failure,0.9950,0.95,0.8,confidence,109
520,4117880,8,true,0.563792,uncommon_failure,0.9950,0.95,0.8,bugFound,33
521,4125799,63,true,0.999989,uncommon_failure,0.9950,0.95,0.8,bugFound,72
522,4133718,100,false,1.000000,uncommon_failure,0.9950,0.95,0.8,confidence,341
523,4141637,100,false,1.000000,uncommon_failure,0.9950,0.95,0.8,confidence,118
524,4149556,100,false,1.000000,uncommon_failure,0.9950,0.95,0.8,confidence,115
525,4157475,100,false,1.000000,uncommon_failure,0.9950,0.95,0.8,confidence,102
526,4165394,49,true,0.999807,uncommon_failure,0.9950,0.95,0.8,bugFound,68
527,4173313,100,false,1.000000,uncommon_failure,0.9950,0.95,0.8,confidence,207
528,4181232,100,false,1.000000,uncommon_failure,0.9950,0.95,0.8,confidence,111
529,4189151,72,true,0.999998,uncommon_failure,0.9950,0.95,0.8,bugFound,93
530,4197070,85,true,1.000000,uncommon_failure,0.9950,0.95,0.8,bugFound,97
531,4204989,100,false,1.000000,uncommon_failure,0.9950,0.95,0.8,confidence,136
532,4212908,42,true,0.999200,uncommon_failure,0.9950,0.95,0.8,bugFound,58
533,4220827,19,true,0.930825,uncommon_failure,0.9950,0.95,0.8,bugFound,52
534,4228746,100,false,1.000000,uncommon_failure,0.9950,0.95,0.8,confidence,170
535,4236665,100,false,1.000000,uncommon_failure,0.9950,0.95,0.8,confidence,107
536,4244584,2,true,0.104000,uncommon_failure,0.9950,0.95,0.8,bugFound,31
537,4252503,100,false,1.000000,uncommon_failure,0.9950,0.95,0.8,confidence,288
538,4260422,6,true,0.423283,uncommon_failure,0.9950,0.95,0.8,bugFound,77
539,4268341,100,false,1.000000,uncommon_failure,0.9950,0.95,0.8,confidence,166
540,4276260,100,false,1.000000,uncommon_failure,0.9950,0.95,0.8,confidence,103
541,4284179,100,false,1.000000,uncommon_failure,0.9950,0.95,0.8,confidence,266
542,4292098,100,false,1.000000,uncommon_failure,0.9950,0.95,0.8,confidence,114
543,4300017,100,false,1.000000,uncommon_failure,0.9950,0.95,0.8,confidence,96
544,4307936,30,true,0.991334,uncommon_failure,0.9950,0.95,0.8,bugFound,53
545,4315855,61,true,0.999984,uncommon_failure,0.9950,0.95,0.8,bugFound,81
546,4323774,34,true,0.996045,uncommon_failure,0.9950,0.95,0.8,bugFound,50
547,4331693,100,false,1.000000,uncommon_failure,0.9950,0.95,0.8,confidence,107
548,4339612,100,false,1.000000,uncommon_failure,0.9950,0.95,0.8,confidence,102
549,4347531,100,false,1.000000,uncommon_failure,0.9950,0.95,0.8,confidence,97
550,4355450,39,true,0.998538,uncommon_failure,0.9950,0.95,0.8,bugFound,54
551,4363369,100,false,1.000000,uncommon_failure,0.9950,0.95,0.8,confidence,92
552,4371288,100,false,1.000000,uncommon_failure,0.9950,0.95,0.8,confidence,269
553,4379207,100,false,1.000000,uncommon_failure,0.9950,0.95,0.8,confidence,100
554,4387126,62,true,0.999987,uncommon_failure,0.9950,0.95,0.8,bugFound,71
555,4395045,100,false,1.000000,uncommon_failure,0.9950,0.95,0.8,confidence,94
556,4402964,23,true,0.966943,uncommon_failure,0.9950,0.95,0.8,bugFound,40
557,4410883,23,true,0.966943,uncommon_failure,0.9950,0.95,0.8,bugFound,40
558,4418802,22,true,0.960155,uncommon_failure,0.9950,0.95,0.8,bugFound,39
559,4426721,56,true,0.999954,uncommon_failure,0.9950,0.95,0.8,bugFound,61
560,4434640,38,true,0.998214,uncommon_failure,0.9950,0.95,0.8,bugFound,53
561,4442559,11,true,0.725122,uncommon_failure,0.9950,0.95,0.8,bugFound,31
562,4450478,4,true,0.262720,uncommon_failure,0.9950,0.95,0.8,bugFound,27
563,4458397,1,true,0.040000,uncommon_failure,0.9950,0.95,0.8,bugFound,24
564,4466316,2,true,0.104000,uncommon_failure,0.9950,0.95,0.8,bugFound,25
565,4474235,36,true,0.997339,uncommon_failure,0.9950,0.95,0.8,bugFound,68
566,4482154,100,false,1.000000,uncommon_failure,0.9950,0.95,0.8,confidence,97
567,4490073,99,true,1.000000,uncommon_failure,0.9950,0.95,0.8,bugFound,108
568,4497992,9,true,0.624190,uncommon_failure,0.9950,0.95,0.8,bugFound,33
569,4505911,50,true,0.999843,uncommon_failure,0.9950,0.95,0.8,bugFound,59
570,4513830,100,false,1.000000,uncommon_failure,0.9950,0.95,0.8,confidence,251
571,4521749,100,false,1.000000,uncommon_failure,0.9950,0.95,0.8,confidence,96
572,4529668,30,true,0.991334,uncommon_failure,0.9950,0.95,0.8,bugFound,100
573,4537587,100,false,1.000000,uncommon_failure,0.9950,0.95,0.8,confidence,90
574,4545506,63,true,0.999989,uncommon_failure,0.9950,0.95,0.8,bugFound,67
575,4553425,28,true,0.987234,uncommon_failure,0.9950,0.95,0.8,bugFound,41
576,4561344,100,false,1.000000,uncommon_failure,0.9950,0.95,0.8,confidence,91
577,4569263,100,false,1.000000,uncommon_failure,0.9950,0.95,0.8,confidence,93
578,4577182,100,false,1.000000,uncommon_failure,0.9950,0.95,0.8,confidence,91
579,4585101,2,true,0.104000,uncommon_failure,0.9950,0.95,0.8,bugFound,23
580,4593020,65,true,0.999993,uncommon_failure,0.9950,0.95,0.8,bugFound,68
581,4600939,22,true,0.960155,uncommon_failure,0.9950,0.95,0.8,bugFound,36
582,4608858,20,true,0.942354,uncommon_failure,0.9950,0.95,0.8,bugFound,35
583,4616777,100,false,1.000000,uncommon_failure,0.9950,0.95,0.8,confidence,93
584,4624696,100,false,1.000000,uncommon_failure,0.9950,0.95,0.8,confidence,110
585,4632615,18,true,0.917134,uncommon_failure,0.9950,0.95,0.8,bugFound,35
586,4640534,100,false,1.000000,uncommon_failure,0.9950,0.95,0.8,confidence,88
587,4648453,100,false,1.000000,uncommon_failure,0.9950,0.95,0.8,confidence,267
588,4656372,2,true,0.104000,uncommon_failure,0.9950,0.95,0.8,bugFound,27
589,4664291,100,false,1.000000,uncommon_failure,0.9950,0.95,0.8,confidence,92
590,4672210,100,false,1.000000,uncommon_failure,0.9950,0.95,0.8,confidence,90
591,4680129,100,false,1.000000,uncommon_failure,0.9950,0.95,0.8,confidence,90
592,4688048,74,true,0.999999,uncommon_failure,0.9950,0.95,0.8,bugFound,74
593,4695967,51,true,0.999872,uncommon_failure,0.9950,0.95,0.8,bugFound,66
594,4703886,100,false,1.000000,uncommon_failure,0.9950,0.95,0.8,confidence,161
595,4711805,14,true,0.832874,uncommon_failure,0.9950,0.95,0.8,bugFound,45
596,4719724,100,false,1.000000,uncommon_failure,0.9950,0.95,0.8,confidence,91
597,4727643,100,false,1.000000,uncommon_failure,0.9950,0.95,0.8,confidence,89
598,4735562,5,true,0.344640,uncommon_failure,0.9950,0.95,0.8,bugFound,27
599,4743481,100,false,1.000000,uncommon_failure,0.9950,0.95,0.8,confidence,91
600,4751400,100,false,1.000000,common_failure,0.9900,0.95,0.8,confidence,88
601,4759319,85,true,1.000000,common_failure,0.9900,0.95,0.8,bugFound,79
602,4767238,100,false,1.000000,common_failure,0.9900,0.95,0.8,confidence,203
603,4775157,26,true,0.981262,common_failure,0.9900,0.95,0.8,bugFound,40
604,4783076,24,true,0.972610,common_failure,0.9900,0.95,0.8,bugFound,38
605,4790995,100,false,1.000000,common_failure,0.9900,0.95,0.8,confidence,88
606,4798914,9,true,0.624190,common_failure,0.9900,0.95,0.8,bugFound,28
607,4806833,16,true,0.881781,common_failure,0.9900,0.95,0.8,bugFound,32
608,4814752,100,false,1.000000,common_failure,0.9900,0.95,0.8,confidence,88
609,4822671,1,true,0.040000,common_failure,0.9900,0.95,0.8,bugFound,22
610,4830590,38,true,0.998214,common_failure,0.9900,0.95,0.8,bugFound,47
611,4838509,100,false,1.000000,common_failure,0.9900,0.95,0.8,confidence,89
612,4846428,5,true,0.344640,common_failure,0.9900,0.95,0.8,bugFound,25
613,4854347,100,false,1.000000,common_failure,0.9900,0.95,0.8,confidence,87
614,4862266,39,true,0.998538,common_failure,0.9900,0.95,0.8,bugFound,48
615,4870185,18,true,0.917134,common_failure,0.9900,0.95,0.8,bugFound,41
616,4878104,14,true,0.832874,common_failure,0.9900,0.95,0.8,bugFound,32
617,4886023,58,true,0.999970,common_failure,0.9900,0.95,0.8,bugFound,61
618,4893942,14,true,0.832874,common_failure,0.9900,0.95,0.8,bugFound,38
619,4901861,63,true,0.999989,common_failure,0.9900,0.95,0.8,bugFound,64
620,4909780,100,false,1.000000,common_failure,0.9900,0.95,0.8,confidence,88
621,4917699,35,true,0.996755,common_failure,0.9900,0.95,0.8,bugFound,107
622,4925618,12,true,0.766354,common_failure,0.9900,0.95,0.8,bugFound,33
623,4933537,25,true,0.977333,common_failure,0.9900,0.95,0.8,bugFound,38
624,4941456,72,true,0.999998,common_failure,0.9900,0.95,0.8,bugFound,69
625,4949375,10,true,0.677877,common_failure,0.9900,0.95,0.8,bugFound,29
626,4957294,16,true,0.881781,common_failure,0.9900,0.95,0.8,bugFound,37
627,4965213,100,false,1.000000,common_failure,0.9900,0.95,0.8,confidence,89
628,4973132,32,true,0.994137,common_failure,0.9900,0.95,0.8,bugFound,43
629,4981051,91,true,1.000000,common_failure,0.9900,0.95,0.8,bugFound,86
630,4988970,9,true,0.624190,common_failure,0.9900,0.95,0.8,bugFound,32
631,4996889,100,false,1.000000,common_failure,0.9900,0.95,0.8,confidence,93
632,5004808,100,false,1.000000,common_failure,0.9900,0.95,0.8,confidence,88
633,5012727,6,true,0.423283,common_failure,0.9900,0.95,0.8,bugFound,26
634,5020646,100,false,1.000000,common_failure,0.9900,0.95,0.8,confidence,88
635,5028565,100,false,1.000000,common_failure,0.9900,0.95,0.8,confidence,92
636,5036484,100,false,1.000000,common_failure,0.9900,0.95,0.8,confidence,87
637,5044403,100,false,1.000000,common_failure,0.9900,0.95,0.8,confidence,87
638,5052322,100,false,1.000000,common_failure,0.9900,0.95,0.8,confidence,175
639,5060241,100,false,1.000000,common_failure,0.9900,0.95,0.8,confidence,88
640,5068160,90,true,1.000000,common_failure,0.9900,0.95,0.8,bugFound,82
641,5076079,48,true,0.999764,common_failure,0.9900,0.95,0.8,bugFound,53
642,5083998,42,true,0.999200,common_failure,0.9900,0.95,0.8,bugFound,49
643,5091917,100,false,1.000000,common_failure,0.9900,0.95,0.8,confidence,88
644,5099836,100,false,1.000000,common_failure,0.9900,0.95,0.8,confidence,87
645,5107755,55,true,0.999944,common_failure,0.9900,0.95,0.8,bugFound,60
646,5115674,61,true,0.999984,common_failure,0.9900,0.95,0.8,bugFound,62
647,5123593,67,true,0.999995,common_failure,0.9900,0.95,0.8,bugFound,74
648,5131512,37,true,0.997819,common_failure,0.9900,0.95,0.8,bugFound,48
649,5139431,28,true,0.987234,common_failure,0.9900,0.95,0.8,bugFound,41
650,5147350,81,true,1.000000,common_failure,0.9900,0.95,0.8,bugFound,76
651,5155269,100,false,1.000000,common_failure,0.9900,0.95,0.8,confidence,115
652,5163188,10,true,0.677877,common_failure,0.9900,0.95,0.8,bugFound,158
653,5171107,37,true,0.997819,common_failure,0.9900,0.95,0.8,bugFound,76
654,5179026,57,true,0.999963,common_failure,0.9900,0.95,0.8,bugFound,243
655,5186945,56,true,0.999954,common_failure,0.9900,0.95,0.8,bugFound,66
656,5194864,26,true,0.981262,common_failure,0.9900,0.95,0.8,bugFound,42
657,5202783,100,false,1.000000,common_failure,0.9900,0.95,0.8,confidence,109
658,5210702,47,true,0.999710,common_failure,0.9900,0.95,0.8,bugFound,61
659,5218621,94,true,1.000000,common_failure,0.9900,0.95,0.8,bugFound,88
660,5226540,100,false,1.000000,common_failure,0.9900,0.95,0.8,confidence,92
661,5234459,100,false,1.000000,common_failure,0.9900,0.95,0.8,confidence,91
662,5242378,38,true,0.998214,common_failure,0.9900,0.95,0.8,bugFound,50
663,5250297,100,false,1.000000,common_failure,0.9900,0.95,0.8,confidence,104
664,5258216,87,true,1.000000,common_failure,0.9900,0.95,0.8,bugFound,85
665,5266135,74,true,0.999999,common_failure,0.9900,0.95,0.8,bugFound,85
666,5274054,100,false,1.000000,common_failure,0.9900,0.95,0.8,confidence,91
667,5281973,100,false,1.000000,common_failure,0.9900,0.95,0.8,confidence,91
668,5289892,49,true,0.999807,common_failure,0.9900,0.95,0.8,bugFound,56
669,5297811,100,false,1.000000,common_failure,0.9900,0.95,0.8,confidence,206
670,5305730,100,false,1.000000,common_failure,0.9900,0.95,0.8,confidence,93
671,5313649,17,true,0.900921,common_failure,0.9900,0.95,0.8,bugFound,33
672,5321568,38,true,0.998214,common_failure,0.9900,0.95,0.8,bugFound,47
673,5329487,55,true,0.999944,common_failure,0.9900,0.95,0.8,bugFound,59
674,5337406,100,false,1.000000,common_failure,0.9900,0.95,0.8,confidence,88
675,5345325,84,true,1.000000,common_failure,0.9900,0.95,0.8,bugFound,78
676,5353244,69,true,0.999997,common_failure,0.9900,0.95,0.8,bugFound,67
677,5361163,44,true,0.999466,common_failure,0.9900,0.95,0.8,bugFound,51
678,5369082,28,true,0.987234,common_failure,0.9900,0.95,0.8,bugFound,40
679,5377001,16,true,0.881781,common_failure,0.9900,0.95,0.8,bugFound,32
680,5384920,31,true,0.992869,common_failure,0.9900,0.95,0.8,bugFound,42
681,5392839,21,true,0.952038,common_failure,0.9900,0.95,0.8,bugFound,36
682,5400758,42,true,0.999200,common_failure,0.9900,0.95,0.8,bugFound,49
683,5408677,100,false,1.000000,common_failure,0.9900,0.95,0.8,confidence,88
684,5416596,19,true,0.930825,common_failure,0.9900,0.95,0.8,bugFound,35
685,5424515,100,false,1.000000,common_failure,0.9900,0.95,0.8,confidence,131
686,5432434,100,false,1.000000,common_failure,0.9900,0.95,0.8,confidence,97
687,5440353,3,true,0.180800,common_failure,0.9900,0.95,0.8,bugFound,131
688,5448272,100,false,1.000000,common_failure,0.9900,0.95,0.8,confidence,91
689,5456191,6,true,0.423283,common_failure,0.9900,0.95,0.8,bugFound,28
690,5464110,100,false,1.000000,common_failure,0.9900,0.95,0.8,confidence,90
691,5472029,100,false,1.000000,common_failure,0.9900,0.95,0.8,confidence,88
692,5479948,4,true,0.262720,common_failure,0.9900,0.95,0.8,bugFound,38
693,5487867,33,true,0.995183,common_failure,0.9900,0.95,0.8,bugFound,46
694,5495786,61,true,0.999984,common_failure,0.9900,0.95,0.8,bugFound,93
695,5503705,22,true,0.960155,common_failure,0.9900,0.95,0.8,bugFound,39
696,5511624,4,true,0.262720,common_failure,0.9900,0.95,0.8,bugFound,25
697,5519543,7,true,0.496684,common_failure,0.9900,0.95,0.8,bugFound,27
698,5527462,100,false,1.000000,common_failure,0.9900,0.95,0.8,confidence,91
699,5535381,49,true,0.999807,common_failure,0.9900,0.95,0.8,bugFound,57
700,5543300,100,false,1.000000,common_failure,0.9900,0.95,0.8,confidence,93
701,5551219,26,true,0.981262,common_failure,0.9900,0.95,0.8,bugFound,73
702,5559138,11,true,0.725122,common_failure,0.9900,0.95,0.8,bugFound,83
703,5567057,100,false,1.000000,common_failure,0.9900,0.95,0.8,confidence,100
704,5574976,87,true,1.000000,common_failure,0.9900,0.95,0.8,bugFound,103
705,5582895,34,true,0.996045,common_failure,0.9900,0.95,0.8,bugFound,48
706,5590814,100,false,1.000000,common_failure,0.9900,0.95,0.8,confidence,298
707,5598733,93,true,1.000000,common_failure,0.9900,0.95,0.8,bugFound,109
708,5606652,100,false,1.000000,common_failure,0.9900,0.95,0.8,confidence,97
709,5614571,100,false,1.000000,common_failure,0.9900,0.95,0.8,confidence,95
710,5622490,8,true,0.563792,common_failure,0.9900,0.95,0.8,bugFound,31
711,5630409,100,false,1.000000,common_failure,0.9900,0.95,0.8,confidence,103
712,5638328,100,false,1.000000,common_failure,0.9900,0.95,0.8,confidence,94
713,5646247,52,true,0.999896,common_failure,0.9900,0.95,0.8,bugFound,69
714,5654166,100,false,1.000000,common_failure,0.9900,0.95,0.8,confidence,117
715,5662085,7,true,0.496684,common_failure,0.9900,0.95,0.8,bugFound,30
716,5670004,10,true,0.677877,common_failure,0.9900,0.95,0.8,bugFound,39
717,5677923,40,true,0.998804,common_failure,0.9900,0.95,0.8,bugFound,53
718,5685842,100,false,1.000000,common_failure,0.9900,0.95,0.8,confidence,101
719,5693761,49,true,0.999807,common_failure,0.9900,0.95,0.8,bugFound,73
720,5701680,100,false,1.000000,common_failure,0.9900,0.95,0.8,confidence,100
721,5709599,100,false,1.000000,common_failure,0.9900,0.95,0.8,confidence,218
722,5717518,100,false,1.000000,common_failure,0.9900,0.95,0.8,confidence,99
723,5725437,100,false,1.000000,common_failure,0.9900,0.95,0.8,confidence,96
724,5733356,2,true,0.104000,common_failure,0.9900,0.95,0.8,bugFound,30
725,5741275,100,false,1.000000,common_failure,0.9900,0.95,0.8,confidence,95
726,5749194,100,false,1.000000,common_failure,0.9900,0.95,0.8,confidence,145
727,5757113,14,true,0.832874,common_failure,0.9900,0.95,0.8,bugFound,48
728,5765032,78,true,1.000000,common_failure,0.9900,0.95,0.8,bugFound,85
729,5772951,70,true,0.999998,common_failure,0.9900,0.95,0.8,bugFound,96
730,5780870,100,false,1.000000,common_failure,0.9900,0.95,0.8,confidence,100
731,5788789,100,false,1.000000,common_failure,0.9900,0.95,0.8,confidence,96
732,5796708,10,true,0.677877,common_failure,0.9900,0.95,0.8,bugFound,37
733,5804627,41,true,0.999022,common_failure,0.9900,0.95,0.8,bugFound,56
734,5812546,56,true,0.999954,common_failure,0.9900,0.95,0.8,bugFound,88
735,5820465,100,false,1.000000,common_failure,0.9900,0.95,0.8,confidence,101
736,5828384,12,true,0.766354,common_failure,0.9900,0.95,0.8,bugFound,56
737,5836303,65,true,0.999993,common_failure,0.9900,0.95,0.8,bugFound,92
738,5844222,100,false,1.000000,common_failure,0.9900,0.95,0.8,confidence,282
739,5852141,100,false,1.000000,common_failure,0.9900,0.95,0.8,confidence,97
740,5860060,100,false,1.000000,common_failure,0.9900,0.95,0.8,confidence,98
741,5867979,100,false,1.000000,common_failure,0.9900,0.95,0.8,confidence,87
742,5875898,25,true,0.977333,common_failure,0.9900,0.95,0.8,bugFound,45
743,5883817,55,true,0.999944,common_failure,0.9900,0.95,0.8,bugFound,62
744,5891736,100,true,1.000000,common_failure,0.9900,0.95,0.8,bugFound,197
745,5899655,79,true,1.000000,common_failure,0.9900,0.95,0.8,bugFound,92
746,5907574,19,true,0.930825,common_failure,0.9900,0.95,0.8,bugFound,41
747,5915493,2,true,0.104000,common_failure,0.9900,0.95,0.8,bugFound,32
748,5923412,100,false,1.000000,common_failure,0.9900,0.95,0.8,confidence,107
749,5931331,100,false,1.000000,common_failure,0.9900,0.95,0.8,confidence,91
750,5939250,20,true,0.942354,common_failure,0.9900,0.95,0.8,bugFound,44
751,5947169,100,false,1.000000,common_failure,0.9900,0.95,0.8,confidence,90
752,5955088,81,true,1.000000,common_failure,0.9900,0.95,0.8,bugFound,77
753,5963007,5,true,0.344640,common_failure,0.9900,0.95,0.8,bugFound,33
754,5970926,100,false,1.000000,common_failure,0.9900,0.95,0.8,confidence,249
755,5978845,10,true,0.677877,common_failure,0.9900,0.95,0.8,bugFound,40
756,5986764,100,false,1.000000,common_failure,0.9900,0.95,0.8,confidence,84
757,5994683,42,true,0.999200,common_failure,0.9900,0.95,0.8,bugFound,66
758,6002602,29,true,0.989478,common_failure,0.9900,0.95,0.8,bugFound,47
759,6010521,47,true,0.999710,common_failure,0.9900,0.95,0.8,bugFound,57
760,6018440,33,true,0.995183,common_failure,0.9900,0.95,0.8,bugFound,49
761,6026359,100,false,1.000000,common_failure,0.9900,0.95,0.8,confidence,84
762,6034278,54,true,0.999931,common_failure,0.9900,0.95,0.8,bugFound,60
763,6042197,14,true,0.832874,common_failure,0.9900,0.95,0.8,bugFound,38
764,6050116,100,false,1.000000,common_failure,0.9900,0.95,0.8,confidence,85
765,6058035,8,true,0.563792,common_failure,0.9900,0.95,0.8,bugFound,33
766,6065954,100,false,1.000000,common_failure,0.9900,0.95,0.8,confidence,84
767,6073873,61,true,0.999984,common_failure,0.9900,0.95,0.8,bugFound,63
768,6081792,44,true,0.999466,common_failure,0.9900,0.95,0.8,bugFound,58
769,6089711,60,true,0.999980,common_failure,0.9900,0.95,0.8,bugFound,65
770,6097630,27,true,0.984526,common_failure,0.9900,0.95,0.8,bugFound,44
771,6105549,100,false,1.000000,common_failure,0.9900,0.95,0.8,confidence,84
772,6113468,54,true,0.999931,common_failure,0.9900,0.95,0.8,bugFound,166
773,6121387,100,false,1.000000,common_failure,0.9900,0.95,0.8,confidence,86
774,6129306,100,false,1.000000,common_failure,0.9900,0.95,0.8,confidence,84
775,6137225,100,false,1.000000,common_failure,0.9900,0.95,0.8,confidence,85
776,6145144,6,true,0.423283,common_failure,0.9900,0.95,0.8,bugFound,34
777,6153063,83,true,1.000000,common_failure,0.9900,0.95,0.8,bugFound,77
778,6160982,2,true,0.104000,common_failure,0.9900,0.95,0.8,bugFound,32
779,6168901,63,true,0.999989,common_failure,0.9900,0.95,0.8,bugFound,67
780,6176820,44,true,0.999466,common_failure,0.9900,0.95,0.8,bugFound,101
781,6184739,100,false,1.000000,common_failure,0.9900,0.95,0.8,confidence,101
782,6192658,17,true,0.900921,common_failure,0.9900,0.95,0.8,bugFound,43
783,6200577,100,false,1.000000,common_failure,0.9900,0.95,0.8,confidence,86
784,6208496,49,true,0.999807,common_failure,0.9900,0.95,0.8,bugFound,59
785,6216415,100,false,1.000000,common_failure,0.9900,0.95,0.8,confidence,106
786,6224334,100,false,1.000000,common_failure,0.9900,0.95,0.8,confidence,92
787,6232253,100,false,1.000000,common_failure,0.9900,0.95,0.8,confidence,87
788,6240172,100,false,1.000000,common_failure,0.9900,0.95,0.8,confidence,278
789,6248091,12,true,0.766354,common_failure,0.9900,0.95,0.8,bugFound,50
790,6256010,100,false,1.000000,common_failure,0.9900,0.95,0.8,confidence,87
791,6263929,32,true,0.994137,common_failure,0.9900,0.95,0.8,bugFound,48
792,6271848,31,true,0.992869,common_failure,0.9900,0.95,0.8,bugFound,49
793,6279767,100,false,1.000000,common_failure,0.9900,0.95,0.8,confidence,86
794,6287686,11,true,0.725122,common_failure,0.9900,0.95,0.8,bugFound,37
795,6295605,23,true,0.966943,common_failure,0.9900,0.95,0.8,bugFound,43
796,6303524,22,true,0.960155,common_failure,0.9900,0.95,0.8,bugFound,42
797,6311443,67,true,0.999995,common_failure,0.9900,0.95,0.8,bugFound,67
798,6319362,100,false,1.000000,common_failure,0.9900,0.95,0.8,confidence,88
799,6327281,47,true,0.999710,common_failure,0.9900,0.95,0.8,bugFound,57
800,6335200,6,true,0.423283,frequent_failure,0.9500,0.95,0.8,bugFound,33
801,6343119,10,true,0.677877,frequent_failure,0.9500,0.95,0.8,bugFound,34
802,6351038,17,true,0.900921,frequent_failure,0.9500,0.95,0.8,bugFound,39
803,6358957,41,true,0.999022,frequent_failure,0.9500,0.95,0.8,bugFound,52
804,6366876,32,true,0.994137,frequent_failure,0.9500,0.95,0.8,bugFound,46
805,6374795,1,true,0.040000,frequent_failure,0.9500,0.95,0.8,bugFound,34
806,6382714,5,true,0.344640,frequent_failure,0.9500,0.95,0.8,bugFound,33
807,6390633,65,true,0.999993,frequent_failure,0.9500,0.95,0.8,bugFound,109
808,6398552,1,true,0.040000,frequent_failure,0.9500,0.95,0.8,bugFound,36
809,6406471,1,true,0.040000,frequent_failure,0.9500,0.95,0.8,bugFound,30
810,6414390,10,true,0.677877,frequent_failure,0.9500,0.95,0.8,bugFound,213
811,6422309,29,true,0.989478,frequent_failure,0.9500,0.95,0.8,bugFound,47
812,6430228,9,true,0.624190,frequent_failure,0.9500,0.95,0.8,bugFound,35
813,6438147,18,true,0.917134,frequent_failure,0.9500,0.95,0.8,bugFound,49
814,6446066,5,true,0.344640,frequent_failure,0.9500,0.95,0.8,bugFound,35
815,6453985,6,true,0.423283,frequent_failure,0.9500,0.95,0.8,bugFound,40
816,6461904,15,true,0.859263,frequent_failure,0.9500,0.95,0.8,bugFound,39
817,6469823,4,true,0.262720,frequent_failure,0.9500,0.95,0.8,bugFound,31
818,6477742,37,true,0.997819,frequent_failure,0.9500,0.95,0.8,bugFound,51
819,6485661,19,true,0.930825,frequent_failure,0.9500,0.95,0.8,bugFound,40
820,6493580,44,true,0.999466,frequent_failure,0.9500,0.95,0.8,bugFound,53
821,6501499,20,true,0.942354,frequent_failure,0.9500,0.95,0.8,bugFound,40
822,6509418,17,true,0.900921,frequent_failure,0.9500,0.95,0.8,bugFound,39
823,6517337,6,true,0.423283,frequent_failure,0.9500,0.95,0.8,bugFound,32
824,6525256,3,true,0.180800,frequent_failure,0.9500,0.95,0.8,bugFound,31
825,6533175,35,true,0.996755,frequent_failure,0.9500,0.95,0.8,bugFound,48
826,6541094,16,true,0.881781,frequent_failure,0.9500,0.95,0.8,bugFound,38
827,6549013,10,true,0.677877,frequent_failure,0.9500,0.95,0.8,bugFound,35
828,6556932,16,true,0.881781,frequent_failure,0.9500,0.95,0.8,bugFound,38
829,6564851,15,true,0.859263,frequent_failure,0.9500,0.95,0.8,bugFound,38
830,6572770,45,true,0.999564,frequent_failure,0.9500,0.95,0.8,bugFound,67
831,6580689,2,true,0.104000,frequent_failure,0.9500,0.95,0.8,bugFound,31
832,6588608,14,true,0.832874,frequent_failure,0.9500,0.95,0.8,bugFound,38
833,6596527,17,true,0.900921,frequent_failure,0.9500,0.95,0.8,bugFound,39
834,6604446,10,true,0.677877,frequent_failure,0.9500,0.95,0.8,bugFound,147
835,6612365,9,true,0.624190,frequent_failure,0.9500,0.95,0.8,bugFound,239
836,6620284,24,true,0.972610,frequent_failure,0.9500,0.95,0.8,bugFound,92
837,6628203,5,true,0.344640,frequent_failure,0.9500,0.95,0.8,bugFound,47
838,6636122,30,true,0.991334,frequent_failure,0.9500,0.95,0.8,bugFound,47
839,6644041,45,true,0.999564,frequent_failure,0.9500,0.95,0.8,bugFound,80
840,6651960,4,true,0.262720,frequent_failure,0.9500,0.95,0.8,bugFound,32
841,6659879,35,true,0.996755,frequent_failure,0.9500,0.95,0.8,bugFound,49
842,6667798,22,true,0.960155,frequent_failure,0.9500,0.95,0.8,bugFound,42
843,6675717,27,true,0.984526,frequent_failure,0.9500,0.95,0.8,bugFound,45
844,6683636,43,true,0.999347,frequent_failure,0.9500,0.95,0.8,bugFound,54
845,6691555,2,true,0.104000,frequent_failure,0.9500,0.95,0.8,bugFound,30
846,6699474,3,true,0.180800,frequent_failure,0.9500,0.95,0.8,bugFound,32
847,6707393,37,true,0.997819,frequent_failure,0.9500,0.95,0.8,bugFound,51
848,6715312,26,true,0.981262,frequent_failure,0.9500,0.95,0.8,bugFound,44
849,6723231,17,true,0.900921,frequent_failure,0.9500,0.95,0.8,bugFound,51
850,6731150,2,true,0.104000,frequent_failure,0.9500,0.95,0.8,bugFound,31
851,6739069,54,true,0.999931,frequent_failure,0.9500,0.95,0.8,bugFound,59
852,6746988,11,true,0.725122,frequent_failure,0.9500,0.95,0.8,bugFound,47
853,6754907,24,true,0.972610,frequent_failure,0.9500,0.95,0.8,bugFound,44
854,6762826,18,true,0.917134,frequent_failure,0.9500,0.95,0.8,bugFound,39
855,6770745,26,true,0.981262,frequent_failure,0.9500,0.95,0.8,bugFound,45
856,6778664,10,true,0.677877,frequent_failure,0.9500,0.95,0.8,bugFound,35
857,6786583,1,true,0.040000,frequent_failure,0.9500,0.95,0.8,bugFound,31
858,6794502,5,true,0.344640,frequent_failure,0.9500,0.95,0.8,bugFound,34
859,6802421,16,true,0.881781,frequent_failure,0.9500,0.95,0.8,bugFound,39
860,6810340,20,true,0.942354,frequent_failure,0.9500,0.95,0.8,bugFound,233
861,6818259,10,true,0.677877,frequent_failure,0.9500,0.95,0.8,bugFound,38
862,6826178,18,true,0.917134,frequent_failure,0.9500,0.95,0.8,bugFound,41
863,6834097,17,true,0.900921,frequent_failure,0.9500,0.95,0.8,bugFound,40
864,6842016,32,true,0.994137,frequent_failure,0.9500,0.95,0.8,bugFound,47
865,6849935,1,true,0.040000,frequent_failure,0.9500,0.95,0.8,bugFound,30
866,6857854,54,true,0.999931,frequent_failure,0.9500,0.95,0.8,bugFound,60
867,6865773,3,true,0.180800,frequent_failure,0.9500,0.95,0.8,bugFound,31
868,6873692,31,true,0.992869,frequent_failure,0.9500,0.95,0.8,bugFound,46
869,6881611,35,true,0.996755,frequent_failure,0.9500,0.95,0.8,bugFound,49
870,6889530,27,true,0.984526,frequent_failure,0.9500,0.95,0.8,bugFound,51
871,6897449,1,true,0.040000,frequent_failure,0.9500,0.95,0.8,bugFound,30
872,6905368,6,true,0.423283,frequent_failure,0.9500,0.95,0.8,bugFound,33
873,6913287,69,true,0.999997,frequent_failure,0.9500,0.95,0.8,bugFound,85
874,6921206,23,true,0.966943,frequent_failure,0.9500,0.95,0.8,bugFound,57
875,6929125,9,true,0.624190,frequent_failure,0.9500,0.95,0.8,bugFound,37
876,6937044,31,true,0.992869,frequent_failure,0.9500,0.95,0.8,bugFound,46
877,6944963,3,true,0.180800,frequent_failure,0.9500,0.95,0.8,bugFound,31
878,6952882,11,true,0.725122,frequent_failure,0.9500,0.95,0.8,bugFound,41
879,6960801,16,true,0.881781,frequent_failure,0.9500,0.95,0.8,bugFound,60
880,6968720,16,true,0.881781,frequent_failure,0.9500,0.95,0.8,bugFound,41
881,6976639,8,true,0.563792,frequent_failure,0.9500,0.95,0.8,bugFound,38
882,6984558,10,true,0.677877,frequent_failure,0.9500,0.95,0.8,bugFound,50
883,6992477,17,true,0.900921,frequent_failure,0.9500,0.95,0.8,bugFound,41
884,7000396,7,true,0.496684,frequent_failure,0.9500,0.95,0.8,bugFound,37
885,7008315,14,true,0.832874,frequent_failure,0.9500,0.95,0.8,bugFound,169
886,7016234,2,true,0.104000,frequent_failure,0.9500,0.95,0.8,bugFound,32
887,7024153,28,true,0.987234,frequent_failure,0.9500,0.95,0.8,bugFound,45
888,7032072,31,true,0.992869,frequent_failure,0.9500,0.95,0.8,bugFound,50
889,7039991,10,true,0.677877,frequent_failure,0.9500,0.95,0.8,bugFound,35
890,7047910,1,true,0.040000,frequent_failure,0.9500,0.95,0.8,bugFound,31
891,7055829,9,true,0.624190,frequent_failure,0.9500,0.95,0.8,bugFound,34
892,7063748,38,true,0.998214,frequent_failure,0.9500,0.95,0.8,bugFound,51
893,7071667,3,true,0.180800,frequent_failure,0.9500,0.95,0.8,bugFound,31
894,7079586,31,true,0.992869,frequent_failure,0.9500,0.95,0.8,bugFound,46
895,7087505,3,true,0.180800,frequent_failure,0.9500,0.95,0.8,bugFound,31
896,7095424,32,true,0.994137,frequent_failure,0.9500,0.95,0.8,bugFound,47
897,7103343,1,true,0.040000,frequent_failure,0.9500,0.95,0.8,bugFound,32
898,7111262,5,true,0.344640,frequent_failure,0.9500,0.95,0.8,bugFound,31
899,7119181,17,true,0.900921,frequent_failure,0.9500,0.95,0.8,bugFound,39
900,7127100,59,true,0.999975,frequent_failure,0.9500,0.95,0.8,bugFound,62
901,7135019,3,true,0.180800,frequent_failure,0.9500,0.95,0.8,bugFound,30
902,7142938,11,true,0.725122,frequent_failure,0.9500,0.95,0.8,bugFound,35
903,7150857,25,true,0.977333,frequent_failure,0.9500,0.95,0.8,bugFound,45
904,7158776,36,true,0.997339,frequent_failure,0.9500,0.95,0.8,bugFound,49
905,7166695,11,true,0.725122,frequent_failure,0.9500,0.95,0.8,bugFound,45
906,7174614,30,true,0.991334,frequent_failure,0.9500,0.95,0.8,bugFound,46
907,7182533,6,true,0.423283,frequent_failure,0.9500,0.95,0.8,bugFound,33
908,7190452,15,true,0.859263,frequent_failure,0.9500,0.95,0.8,bugFound,39
909,7198371,32,true,0.994137,frequent_failure,0.9500,0.95,0.8,bugFound,63
910,7206290,4,true,0.262720,frequent_failure,0.9500,0.95,0.8,bugFound,145
911,7214209,63,true,0.999989,frequent_failure,0.9500,0.95,0.8,bugFound,65
912,7222128,13,true,0.802088,frequent_failure,0.9500,0.95,0.8,bugFound,36
913,7230047,10,true,0.677877,frequent_failure,0.9500,0.95,0.8,bugFound,34
914,7237966,7,true,0.496684,frequent_failure,0.9500,0.95,0.8,bugFound,50
915,7245885,17,true,0.900921,frequent_failure,0.9500,0.95,0.8,bugFound,43
916,7253804,21,true,0.952038,frequent_failure,0.9500,0.95,0.8,bugFound,41
917,7261723,7,true,0.496684,frequent_failure,0.9500,0.95,0.8,bugFound,33
918,7269642,5,true,0.344640,frequent_failure,0.9500,0.95,0.8,bugFound,31
919,7277561,50,true,0.999843,frequent_failure,0.9500,0.95,0.8,bugFound,57
920,7285480,34,true,0.996045,frequent_failure,0.9500,0.95,0.8,bugFound,48
921,7293399,8,true,0.563792,frequent_failure,0.9500,0.95,0.8,bugFound,33
922,7301318,37,true,0.997819,frequent_failure,0.9500,0.95,0.8,bugFound,49
923,7309237,2,true,0.104000,frequent_failure,0.9500,0.95,0.8,bugFound,30
924,7317156,65,true,0.999993,frequent_failure,0.9500,0.95,0.8,bugFound,64
925,7325075,20,true,0.942354,frequent_failure,0.9500,0.95,0.8,bugFound,40
926,7332994,16,true,0.881781,frequent_failure,0.9500,0.95,0.8,bugFound,38
927,7340913,20,true,0.942354,frequent_failure,0.9500,0.95,0.8,bugFound,38
928,7348832,10,true,0.677877,frequent_failure,0.9500,0.95,0.8,bugFound,34
929,7356751,33,true,0.995183,frequent_failure,0.9500,0.95,0.8,bugFound,47
930,7364670,7,true,0.496684,frequent_failure,0.9500,0.95,0.8,bugFound,31
931,7372589,30,true,0.991334,frequent_failure,0.9500,0.95,0.8,bugFound,44
932,7380508,1,true,0.040000,frequent_failure,0.9500,0.95,0.8,bugFound,29
933,7388427,4,true,0.262720,frequent_failure,0.9500,0.95,0.8,bugFound,31
934,7396346,7,true,0.496684,frequent_failure,0.9500,0.95,0.8,bugFound,32
935,7404265,26,true,0.981262,frequent_failure,0.9500,0.95,0.8,bugFound,114
936,7412184,9,true,0.624190,frequent_failure,0.9500,0.95,0.8,bugFound,36
937,7420103,4,true,0.262720,frequent_failure,0.9500,0.95,0.8,bugFound,32
938,7428022,33,true,0.995183,frequent_failure,0.9500,0.95,0.8,bugFound,46
939,7435941,67,true,0.999995,frequent_failure,0.9500,0.95,0.8,bugFound,64
940,7443860,14,true,0.832874,frequent_failure,0.9500,0.95,0.8,bugFound,36
941,7451779,33,true,0.995183,frequent_failure,0.9500,0.95,0.8,bugFound,49
942,7459698,14,true,0.832874,frequent_failure,0.9500,0.95,0.8,bugFound,36
943,7467617,17,true,0.900921,frequent_failure,0.9500,0.95,0.8,bugFound,37
944,7475536,56,true,0.999954,frequent_failure,0.9500,0.95,0.8,bugFound,58
945,7483455,22,true,0.960155,frequent_failure,0.9500,0.95,0.8,bugFound,40
946,7491374,17,true,0.900921,frequent_failure,0.9500,0.95,0.8,bugFound,37
947,7499293,23,true,0.966943,frequent_failure,0.9500,0.95,0.8,bugFound,40
948,7507212,2,true,0.104000,frequent_failure,0.9500,0.95,0.8,bugFound,29
949,7515131,7,true,0.496684,frequent_failure,0.9500,0.95,0.8,bugFound,31
950,7523050,12,true,0.766354,frequent_failure,0.9500,0.95,0.8,bugFound,34
951,7530969,12,true,0.766354,frequent_failure,0.9500,0.95,0.8,bugFound,34
952,7538888,51,true,0.999872,frequent_failure,0.9500,0.95,0.8,bugFound,55
953,7546807,1,true,0.040000,frequent_failure,0.9500,0.95,0.8,bugFound,28
954,7554726,66,true,0.999994,frequent_failure,0.9500,0.95,0.8,bugFound,64
955,7562645,1,true,0.040000,frequent_failure,0.9500,0.95,0.8,bugFound,28
956,7570564,11,true,0.725122,frequent_failure,0.9500,0.95,0.8,bugFound,35
957,7578483,22,true,0.960155,frequent_failure,0.9500,0.95,0.8,bugFound,41
958,7586402,36,true,0.997339,frequent_failure,0.9500,0.95,0.8,bugFound,49
959,7594321,20,true,0.942354,frequent_failure,0.9500,0.95,0.8,bugFound,112
960,7602240,1,true,0.040000,frequent_failure,0.9500,0.95,0.8,bugFound,30
961,7610159,11,true,0.725122,frequent_failure,0.9500,0.95,0.8,bugFound,34
962,7618078,7,true,0.496684,frequent_failure,0.9500,0.95,0.8,bugFound,32
963,7625997,34,true,0.996045,frequent_failure,0.9500,0.95,0.8,bugFound,46
964,7633916,55,true,0.999944,frequent_failure,0.9500,0.95,0.8,bugFound,57
965,7641835,11,true,0.725122,frequent_failure,0.9500,0.95,0.8,bugFound,34
966,7649754,14,true,0.832874,frequent_failure,0.9500,0.95,0.8,bugFound,36
967,7657673,37,true,0.997819,frequent_failure,0.9500,0.95,0.8,bugFound,47
968,7665592,20,true,0.942354,frequent_failure,0.9500,0.95,0.8,bugFound,39
969,7673511,5,true,0.344640,frequent_failure,0.9500,0.95,0.8,bugFound,30
970,7681430,48,true,0.999764,frequent_failure,0.9500,0.95,0.8,bugFound,53
971,7689349,26,true,0.981262,frequent_failure,0.9500,0.95,0.8,bugFound,42
972,7697268,1,true,0.040000,frequent_failure,0.9500,0.95,0.8,bugFound,30
973,7705187,16,true,0.881781,frequent_failure,0.9500,0.95,0.8,bugFound,46
974,7713106,15,true,0.859263,frequent_failure,0.9500,0.95,0.8,bugFound,37
975,7721025,13,true,0.802088,frequent_failure,0.9500,0.95,0.8,bugFound,35
976,7728944,6,true,0.423283,frequent_failure,0.9500,0.95,0.8,bugFound,32
977,7736863,3,true,0.180800,frequent_failure,0.9500,0.95,0.8,bugFound,29
978,7744782,3,true,0.180800,frequent_failure,0.9500,0.95,0.8,bugFound,44
979,7752701,7,true,0.496684,frequent_failure,0.9500,0.95,0.8,bugFound,36
980,7760620,12,true,0.766354,frequent_failure,0.9500,0.95,0.8,bugFound,35
981,7768539,19,true,0.930825,frequent_failure,0.9500,0.95,0.8,bugFound,39
982,7776458,33,true,0.995183,frequent_failure,0.9500,0.95,0.8,bugFound,45
983,7784377,39,true,0.998538,frequent_failure,0.9500,0.95,0.8,bugFound,49
984,7792296,7,true,0.496684,frequent_failure,0.9500,0.95,0.8,bugFound,166
985,7800215,3,true,0.180800,frequent_failure,0.9500,0.95,0.8,bugFound,33
986,7808134,2,true,0.104000,frequent_failure,0.9500,0.95,0.8,bugFound,35
987,7816053,12,true,0.766354,frequent_failure,0.9500,0.95,0.8,bugFound,37
988,7823972,85,true,1.000000,frequent_failure,0.9500,0.95,0.8,bugFound,79
989,7831891,4,true,0.262720,frequent_failure,0.9500,0.95,0.8,bugFound,33
990,7839810,11,true,0.725122,frequent_failure,0.9500,0.95,0.8,bugFound,37
991,7847729,10,true,0.677877,frequent_failure,0.9500,0.95,0.8,bugFound,36
992,7855648,4,true,0.262720,frequent_failure,0.9500,0.95,0.8,bugFound,31
993,7863567,7,true,0.496684,frequent_failure,0.9500,0.95,0.8,bugFound,33
994,7871486,3,true,0.180800,frequent_failure,0.9500,0.95,0.8,bugFound,29
995,7879405,19,true,0.930825,frequent_failure,0.9500,0.95,0.8,bugFound,41
996,7887324,100,false,1.000000,frequent_failure,0.9500,0.95,0.8,confidence,83
997,7895243,48,true,0.999764,frequent_failure,0.9500,0.95,0.8,bugFound,125
998,7903162,7,true,0.496684,frequent_failure,0.9500,0.95,0.8,bugFound,51
999,7911081,18,true,0.917134,frequent_failure,0.9500,0.95,0.8,bugFound,78
